"Label (Grouping)","Gini Index"
"Aberdeen, SD Micro Area",""
"    Estimate","0.4361"
"Aberdeen, WA Micro Area",""
"    Estimate","0.4397"
"Abilene, TX Metro Area",""
"    Estimate","0.4398"
"Ada, OK Micro Area",""
"    Estimate","0.4357"
"Adrian, MI Micro Area",""
"    Estimate","0.4205"
"Aguadilla-Isabela, PR Metro Area",""
"    Estimate","0.5239"
"Akron, OH Metro Area",""
"    Estimate","0.4728"
"Alamogordo, NM Micro Area",""
"    Estimate","0.4345"
"Albany, GA Metro Area",""
"    Estimate","0.4666"
"Albany-Lebanon, OR Metro Area",""
"    Estimate","0.4024"
"Albany-Schenectady-Troy, NY Metro Area",""
"    Estimate","0.4404"
"Albemarle, NC Micro Area",""
"    Estimate","0.4540"
"Albert Lea, MN Micro Area",""
"    Estimate","0.4478"
"Albertville, AL Micro Area",""
"    Estimate","0.4567"
"Albuquerque, NM Metro Area",""
"    Estimate","0.4668"
"Alexander City, AL Micro Area",""
"    Estimate","0.4769"
"Alexandria, LA Metro Area",""
"    Estimate","0.4740"
"Alexandria, MN Micro Area",""
"    Estimate","0.4377"
"Alice, TX Micro Area",""
"    Estimate","0.4663"
"Allentown-Bethlehem-Easton, PA-NJ Metro Area",""
"    Estimate","0.4489"
"Alma, MI Micro Area",""
"    Estimate","0.4447"
"Alpena, MI Micro Area",""
"    Estimate","0.4610"
"Altoona, PA Metro Area",""
"    Estimate","0.4453"
"Altus, OK Micro Area",""
"    Estimate","0.4229"
"Amarillo, TX Metro Area",""
"    Estimate","0.4624"
"Americus, GA Micro Area",""
"    Estimate","0.4891"
"Ames, IA Metro Area",""
"    Estimate","0.4624"
"Amsterdam, NY Micro Area",""
"    Estimate","0.4347"
"Anchorage, AK Metro Area",""
"    Estimate","0.4274"
"Andrews, TX Micro Area",""
"    Estimate","0.4628"
"Angola, IN Micro Area",""
"    Estimate","0.4273"
"Ann Arbor, MI Metro Area",""
"    Estimate","0.4890"
"Anniston-Oxford, AL Metro Area",""
"    Estimate","0.4519"
"Appleton, WI Metro Area",""
"    Estimate","0.4368"
"Arcadia, FL Micro Area",""
"    Estimate","0.4271"
"Ardmore, OK Micro Area",""
"    Estimate","0.4500"
"Arecibo, PR Metro Area",""
"    Estimate","0.5082"
"Arkadelphia, AR Micro Area",""
"    Estimate","0.4502"
"Asheville, NC Metro Area",""
"    Estimate","0.4707"
"Ashland, OH Micro Area",""
"    Estimate","0.3983"
"Ashtabula, OH Micro Area",""
"    Estimate","0.4525"
"Astoria, OR Micro Area",""
"    Estimate","0.4342"
"Atchison, KS Micro Area",""
"    Estimate","0.4292"
"Athens, OH Micro Area",""
"    Estimate","0.4950"
"Athens, TN Micro Area",""
"    Estimate","0.4483"
"Athens, TX Micro Area",""
"    Estimate","0.4756"
"Athens-Clarke County, GA Metro Area",""
"    Estimate","0.5075"
"Atlanta-Sandy Springs-Alpharetta, GA Metro Area",""
"    Estimate","0.4676"
"Atlantic City-Hammonton, NJ Metro Area",""
"    Estimate","0.4777"
"Atmore, AL Micro Area",""
"    Estimate","0.4673"
"Auburn, IN Micro Area",""
"    Estimate","0.4050"
"Auburn, NY Micro Area",""
"    Estimate","0.4547"
"Auburn-Opelika, AL Metro Area",""
"    Estimate","0.5130"
"Augusta-Richmond County, GA-SC Metro Area",""
"    Estimate","0.4665"
"Augusta-Waterville, ME Micro Area",""
"    Estimate","0.4414"
"Austin, MN Micro Area",""
"    Estimate","0.4189"
"Austin-Round Rock-Georgetown, TX Metro Area",""
"    Estimate","0.4563"
"Bainbridge, GA Micro Area",""
"    Estimate","0.4718"
"Bakersfield, CA Metro Area",""
"    Estimate","0.4695"
"Baltimore-Columbia-Towson, MD Metro Area",""
"    Estimate","0.4603"
"Bangor, ME Metro Area",""
"    Estimate","0.4559"
"Baraboo, WI Micro Area",""
"    Estimate","0.4068"
"Bardstown, KY Micro Area",""
"    Estimate","0.4313"
"Barnstable Town, MA Metro Area",""
"    Estimate","0.4658"
"Barre, VT Micro Area",""
"    Estimate","0.4353"
"Bartlesville, OK Micro Area",""
"    Estimate","0.4685"
"Batavia, NY Micro Area",""
"    Estimate","0.4150"
"Batesville, AR Micro Area",""
"    Estimate","0.4768"
"Baton Rouge, LA Metro Area",""
"    Estimate","0.4793"
"Battle Creek, MI Metro Area",""
"    Estimate","0.4438"
"Bay City, MI Metro Area",""
"    Estimate","0.4378"
"Bay City, TX Micro Area",""
"    Estimate","0.4707"
"Beatrice, NE Micro Area",""
"    Estimate","0.4368"
"Beaumont-Port Arthur, TX Metro Area",""
"    Estimate","0.4644"
"Beaver Dam, WI Micro Area",""
"    Estimate","0.3908"
"Beckley, WV Metro Area",""
"    Estimate","0.4741"
"Bedford, IN Micro Area",""
"    Estimate","0.4099"
"Beeville, TX Micro Area",""
"    Estimate","0.4937"
"Bellefontaine, OH Micro Area",""
"    Estimate","0.4376"
"Bellingham, WA Metro Area",""
"    Estimate","0.4463"
"Bemidji, MN Micro Area",""
"    Estimate","0.4375"
"Bend, OR Metro Area",""
"    Estimate","0.4610"
"Bennettsville, SC Micro Area",""
"    Estimate","0.4941"
"Bennington, VT Micro Area",""
"    Estimate","0.4768"
"Berlin, NH Micro Area",""
"    Estimate","0.4331"
"Big Rapids, MI Micro Area",""
"    Estimate","0.4199"
"Big Spring, TX Micro Area",""
"    Estimate","0.4397"
"Big Stone Gap, VA Micro Area",""
"    Estimate","0.4405"
"Billings, MT Metro Area",""
"    Estimate","0.4590"
"Binghamton, NY Metro Area",""
"    Estimate","0.4701"
"Birmingham-Hoover, AL Metro Area",""
"    Estimate","0.4839"
"Bismarck, ND Metro Area",""
"    Estimate","0.4313"
"Blackfoot, ID Micro Area",""
"    Estimate","0.4293"
"Blacksburg-Christiansburg, VA Metro Area",""
"    Estimate","0.4814"
"Bloomington, IL Metro Area",""
"    Estimate","0.4802"
"Bloomington, IN Metro Area",""
"    Estimate","0.4785"
"Bloomsburg-Berwick, PA Metro Area",""
"    Estimate","0.4624"
"Bluefield, WV-VA Micro Area",""
"    Estimate","0.4566"
"Bluffton, IN Micro Area",""
"    Estimate","0.3911"
"Blytheville, AR Micro Area",""
"    Estimate","0.4905"
"Bogalusa, LA Micro Area",""
"    Estimate","0.4816"
"Boise City, ID Metro Area",""
"    Estimate","0.4399"
"Bonham, TX Micro Area",""
"    Estimate","0.4738"
"Boone, NC Micro Area",""
"    Estimate","0.5087"
"Borger, TX Micro Area",""
"    Estimate","0.4190"
"Boston-Cambridge-Newton, MA-NH Metro Area",""
"    Estimate","0.4847"
"Boulder, CO Metro Area",""
"    Estimate","0.4881"
"Bowling Green, KY Metro Area",""
"    Estimate","0.4764"
"Bozeman, MT Micro Area",""
"    Estimate","0.4705"
"Bradford, PA Micro Area",""
"    Estimate","0.4453"
"Brainerd, MN Micro Area",""
"    Estimate","0.4304"
"Branson, MO Micro Area",""
"    Estimate","0.4384"
"Breckenridge, CO Micro Area",""
"    Estimate","0.4305"
"Bremerton-Silverdale-Port Orchard, WA Metro Area",""
"    Estimate","0.4311"
"Brenham, TX Micro Area",""
"    Estimate","0.4888"
"Brevard, NC Micro Area",""
"    Estimate","0.4497"
"Bridgeport-Stamford-Norwalk, CT Metro Area",""
"    Estimate","0.5441"
"Brookhaven, MS Micro Area",""
"    Estimate","0.4782"
"Brookings, OR Micro Area",""
"    Estimate","0.4380"
"Brookings, SD Micro Area",""
"    Estimate","0.4052"
"Brownsville, TN Micro Area",""
"    Estimate","0.4708"
"Brownsville-Harlingen, TX Metro Area",""
"    Estimate","0.4678"
"Brownwood, TX Micro Area",""
"    Estimate","0.4562"
"Brunswick, GA Metro Area",""
"    Estimate","0.4943"
"Bucyrus-Galion, OH Micro Area",""
"    Estimate","0.4206"
"Buffalo-Cheektowaga, NY Metro Area",""
"    Estimate","0.4600"
"Burley, ID Micro Area",""
"    Estimate","0.4404"
"Burlington, IA-IL Micro Area",""
"    Estimate","0.4645"
"Burlington, NC Metro Area",""
"    Estimate","0.4398"
"Burlington-South Burlington, VT Metro Area",""
"    Estimate","0.4398"
"Butte-Silver Bow, MT Micro Area",""
"    Estimate","0.4963"
"Cadillac, MI Micro Area",""
"    Estimate","0.4318"
"Calhoun, GA Micro Area",""
"    Estimate","0.4504"
"California-Lexington Park, MD Metro Area",""
"    Estimate","0.4102"
"Cambridge, MD Micro Area",""
"    Estimate","0.4714"
"Cambridge, OH Micro Area",""
"    Estimate","0.4333"
"Camden, AR Micro Area",""
"    Estimate","0.4303"
"Campbellsville, KY Micro Area",""
"    Estimate","0.4563"
"Cañon City, CO Micro Area",""
"    Estimate","0.4666"
"Canton-Massillon, OH Metro Area",""
"    Estimate","0.4448"
"Cape Coral-Fort Myers, FL Metro Area",""
"    Estimate","0.4799"
"Cape Girardeau, MO-IL Metro Area",""
"    Estimate","0.4454"
"Carbondale-Marion, IL Metro Area",""
"    Estimate","0.4775"
"Carlsbad-Artesia, NM Micro Area",""
"    Estimate","0.4312"
"Carroll, IA Micro Area",""
"    Estimate","0.4197"
"Carson City, NV Metro Area",""
"    Estimate","0.4583"
"Casper, WY Metro Area",""
"    Estimate","0.4426"
"Cedar City, UT Micro Area",""
"    Estimate","0.4207"
"Cedar Rapids, IA Metro Area",""
"    Estimate","0.4382"
"Cedartown, GA Micro Area",""
"    Estimate","0.4478"
"Celina, OH Micro Area",""
"    Estimate","0.3891"
"Central City, KY Micro Area",""
"    Estimate","0.5060"
"Centralia, IL Micro Area",""
"    Estimate","0.4308"
"Centralia, WA Micro Area",""
"    Estimate","0.4229"
"Chambersburg-Waynesboro, PA Metro Area",""
"    Estimate","0.4210"
"Champaign-Urbana, IL Metro Area",""
"    Estimate","0.4918"
"Charleston, WV Metro Area",""
"    Estimate","0.4871"
"Charleston-Mattoon, IL Micro Area",""
"    Estimate","0.4627"
"Charleston-North Charleston, SC Metro Area",""
"    Estimate","0.4817"
"Charlotte-Concord-Gastonia, NC-SC Metro Area",""
"    Estimate","0.4749"
"Charlottesville, VA Metro Area",""
"    Estimate","0.4922"
"Chattanooga, TN-GA Metro Area",""
"    Estimate","0.4738"
"Cheyenne, WY Metro Area",""
"    Estimate","0.4390"
"Chicago-Naperville-Elgin, IL-IN-WI Metro Area",""
"    Estimate","0.4817"
"Chico, CA Metro Area",""
"    Estimate","0.4831"
"Chillicothe, OH Micro Area",""
"    Estimate","0.4452"
"Cincinnati, OH-KY-IN Metro Area",""
"    Estimate","0.4669"
"Clarksburg, WV Micro Area",""
"    Estimate","0.4550"
"Clarksdale, MS Micro Area",""
"    Estimate","0.5220"
"Clarksville, TN-KY Metro Area",""
"    Estimate","0.4228"
"Clearlake, CA Micro Area",""
"    Estimate","0.4904"
"Cleveland, MS Micro Area",""
"    Estimate","0.5585"
"Cleveland, TN Metro Area",""
"    Estimate","0.4487"
"Cleveland-Elyria, OH Metro Area",""
"    Estimate","0.4840"
"Clewiston, FL Micro Area",""
"    Estimate","0.4724"
"Clinton, IA Micro Area",""
"    Estimate","0.4319"
"Clovis, NM Micro Area",""
"    Estimate","0.4520"
"Coamo, PR Micro Area",""
"    Estimate","0.5123"
"Coco, PR Micro Area",""
"    Estimate","0.4840"
"Coeur d'Alene, ID Metro Area",""
"    Estimate","0.4291"
"Coffeyville, KS Micro Area",""
"    Estimate","0.4310"
"Coldwater, MI Micro Area",""
"    Estimate","0.4201"
"College Station-Bryan, TX Metro Area",""
"    Estimate","0.5081"
"Colorado Springs, CO Metro Area",""
"    Estimate","0.4302"
"Columbia, MO Metro Area",""
"    Estimate","0.4705"
"Columbia, SC Metro Area",""
"    Estimate","0.4654"
"Columbus, GA-AL Metro Area",""
"    Estimate","0.4773"
"Columbus, IN Metro Area",""
"    Estimate","0.4378"
"Columbus, MS Micro Area",""
"    Estimate","0.4870"
"Columbus, NE Micro Area",""
"    Estimate","0.4147"
"Columbus, OH Metro Area",""
"    Estimate","0.4583"
"Concord, NH Micro Area",""
"    Estimate","0.4352"
"Connersville, IN Micro Area",""
"    Estimate","0.4118"
"Cookeville, TN Micro Area",""
"    Estimate","0.4653"
"Coos Bay, OR Micro Area",""
"    Estimate","0.4545"
"Cordele, GA Micro Area",""
"    Estimate","0.4835"
"Corinth, MS Micro Area",""
"    Estimate","0.4855"
"Cornelia, GA Micro Area",""
"    Estimate","0.4582"
"Corning, NY Micro Area",""
"    Estimate","0.4477"
"Corpus Christi, TX Metro Area",""
"    Estimate","0.4622"
"Corsicana, TX Micro Area",""
"    Estimate","0.4572"
"Cortland, NY Micro Area",""
"    Estimate","0.4053"
"Corvallis, OR Metro Area",""
"    Estimate","0.4750"
"Coshocton, OH Micro Area",""
"    Estimate","0.4435"
"Craig, CO Micro Area",""
"    Estimate","0.4444"
"Crawfordsville, IN Micro Area",""
"    Estimate","0.4266"
"Crescent City, CA Micro Area",""
"    Estimate","0.4318"
"Crestview-Fort Walton Beach-Destin, FL Metro Area",""
"    Estimate","0.4554"
"Crossville, TN Micro Area",""
"    Estimate","0.4229"
"Cullman, AL Micro Area",""
"    Estimate","0.4425"
"Cullowhee, NC Micro Area",""
"    Estimate","0.4803"
"Cumberland, MD-WV Metro Area",""
"    Estimate","0.4499"
"Dallas-Fort Worth-Arlington, TX Metro Area",""
"    Estimate","0.4637"
"Dalton, GA Metro Area",""
"    Estimate","0.4400"
"Danville, IL Metro Area",""
"    Estimate","0.4348"
"Danville, KY Micro Area",""
"    Estimate","0.4660"
"Danville, VA Micro Area",""
"    Estimate","0.4658"
"Daphne-Fairhope-Foley, AL Metro Area",""
"    Estimate","0.4648"
"Davenport-Moline-Rock Island, IA-IL Metro Area",""
"    Estimate","0.4474"
"Dayton, TN Micro Area",""
"    Estimate","0.4178"
"Dayton-Kettering, OH Metro Area",""
"    Estimate","0.4528"
"Decatur, AL Metro Area",""
"    Estimate","0.4499"
"Decatur, IL Metro Area",""
"    Estimate","0.4661"
"Decatur, IN Micro Area",""
"    Estimate","0.3883"
"Defiance, OH Micro Area",""
"    Estimate","0.3973"
"Del Rio, TX Micro Area",""
"    Estimate","0.4389"
"Deltona-Daytona Beach-Ormond Beach, FL Metro Area",""
"    Estimate","0.4522"
"Deming, NM Micro Area",""
"    Estimate","0.4510"
"Denver-Aurora-Lakewood, CO Metro Area",""
"    Estimate","0.4482"
"DeRidder, LA Micro Area",""
"    Estimate","0.4211"
"Des Moines-West Des Moines, IA Metro Area",""
"    Estimate","0.4322"
"Detroit-Warren-Dearborn, MI Metro Area",""
"    Estimate","0.4726"
"Dickinson, ND Micro Area",""
"    Estimate","0.4306"
"Dixon, IL Micro Area",""
"    Estimate","0.4382"
"Dodge City, KS Micro Area",""
"    Estimate","0.3966"
"Dothan, AL Metro Area",""
"    Estimate","0.4754"
"Douglas, GA Micro Area",""
"    Estimate","0.4622"
"Dover, DE Metro Area",""
"    Estimate","0.4068"
"Dublin, GA Micro Area",""
"    Estimate","0.5126"
"DuBois, PA Micro Area",""
"    Estimate","0.4329"
"Dubuque, IA Metro Area",""
"    Estimate","0.4432"
"Duluth, MN-WI Metro Area",""
"    Estimate","0.4414"
"Dumas, TX Micro Area",""
"    Estimate","0.4123"
"Duncan, OK Micro Area",""
"    Estimate","0.4580"
"Durango, CO Micro Area",""
"    Estimate","0.4442"
"Durant, OK Micro Area",""
"    Estimate","0.4626"
"Durham-Chapel Hill, NC Metro Area",""
"    Estimate","0.4831"
"Dyersburg, TN Micro Area",""
"    Estimate","0.5870"
"Eagle Pass, TX Micro Area",""
"    Estimate","0.4605"
"Easton, MD Micro Area",""
"    Estimate","0.4975"
"East Stroudsburg, PA Metro Area",""
"    Estimate","0.4234"
"Eau Claire, WI Metro Area",""
"    Estimate","0.4325"
"Edwards, CO Micro Area",""
"    Estimate","0.4881"
"Effingham, IL Micro Area",""
"    Estimate","0.4362"
"El Campo, TX Micro Area",""
"    Estimate","0.4530"
"El Centro, CA Metro Area",""
"    Estimate","0.4589"
"El Dorado, AR Micro Area",""
"    Estimate","0.4882"
"Elizabeth City, NC Micro Area",""
"    Estimate","0.4304"
"Elizabethtown-Fort Knox, KY Metro Area",""
"    Estimate","0.4567"
"Elk City, OK Micro Area",""
"    Estimate","0.4591"
"Elkhart-Goshen, IN Metro Area",""
"    Estimate","0.4423"
"Elkins, WV Micro Area",""
"    Estimate","0.4431"
"Elko, NV Micro Area",""
"    Estimate","0.4130"
"Ellensburg, WA Micro Area",""
"    Estimate","0.4598"
"Elmira, NY Metro Area",""
"    Estimate","0.4596"
"El Paso, TX Metro Area",""
"    Estimate","0.4663"
"Emporia, KS Micro Area",""
"    Estimate","0.4373"
"Enid, OK Metro Area",""
"    Estimate","0.4464"
"Enterprise, AL Micro Area",""
"    Estimate","0.4354"
"Erie, PA Metro Area",""
"    Estimate","0.4573"
"Escanaba, MI Micro Area",""
"    Estimate","0.4505"
"Española, NM Micro Area",""
"    Estimate","0.4670"
"Eufaula, AL-GA Micro Area",""
"    Estimate","0.5075"
"Eugene-Springfield, OR Metro Area",""
"    Estimate","0.4632"
"Eureka-Arcata, CA Micro Area",""
"    Estimate","0.4811"
"Evanston, WY Micro Area",""
"    Estimate","0.3615"
"Evansville, IN-KY Metro Area",""
"    Estimate","0.4575"
"Fairbanks, AK Metro Area",""
"    Estimate","0.4242"
"Fairfield, IA Micro Area",""
"    Estimate","0.5262"
"Fairmont, MN Micro Area",""
"    Estimate","0.4190"
"Fairmont, WV Micro Area",""
"    Estimate","0.4186"
"Fallon, NV Micro Area",""
"    Estimate","0.4219"
"Fargo, ND-MN Metro Area",""
"    Estimate","0.4607"
"Faribault-Northfield, MN Micro Area",""
"    Estimate","0.4327"
"Farmington, MO Micro Area",""
"    Estimate","0.4333"
"Farmington, NM Metro Area",""
"    Estimate","0.4697"
"Fayetteville, NC Metro Area",""
"    Estimate","0.4482"
"Fayetteville-Springdale-Rogers, AR Metro Area",""
"    Estimate","0.4731"
"Fergus Falls, MN Micro Area",""
"    Estimate","0.4343"
"Fernley, NV Micro Area",""
"    Estimate","0.4195"
"Findlay, OH Micro Area",""
"    Estimate","0.4401"
"Fitzgerald, GA Micro Area",""
"    Estimate","0.4989"
"Flagstaff, AZ Metro Area",""
"    Estimate","0.4603"
"Flint, MI Metro Area",""
"    Estimate","0.4666"
"Florence, SC Metro Area",""
"    Estimate","0.4914"
"Florence-Muscle Shoals, AL Metro Area",""
"    Estimate","0.4573"
"Fond du Lac, WI Metro Area",""
"    Estimate","0.4052"
"Forest City, NC Micro Area",""
"    Estimate","0.4697"
"Forrest City, AR Micro Area",""
"    Estimate","0.4989"
"Fort Collins, CO Metro Area",""
"    Estimate","0.4502"
"Fort Dodge, IA Micro Area",""
"    Estimate","0.4380"
"Fort Leonard Wood, MO Micro Area",""
"    Estimate","0.4093"
"Fort Madison-Keokuk, IA-IL-MO Micro Area",""
"    Estimate","0.4480"
"Fort Morgan, CO Micro Area",""
"    Estimate","0.4105"
"Fort Payne, AL Micro Area",""
"    Estimate","0.4555"
"Fort Polk South, LA Micro Area",""
"    Estimate","0.4552"
"Fort Smith, AR-OK Metro Area",""
"    Estimate","0.4810"
"Fort Wayne, IN Metro Area",""
"    Estimate","0.4443"
"Frankfort, IN Micro Area",""
"    Estimate","0.3823"
"Frankfort, KY Micro Area",""
"    Estimate","0.4408"
"Fredericksburg, TX Micro Area",""
"    Estimate","0.4673"
"Freeport, IL Micro Area",""
"    Estimate","0.4362"
"Fremont, NE Micro Area",""
"    Estimate","0.4064"
"Fremont, OH Micro Area",""
"    Estimate","0.4351"
"Fresno, CA Metro Area",""
"    Estimate","0.4730"
"Gadsden, AL Metro Area",""
"    Estimate","0.4556"
"Gaffney, SC Micro Area",""
"    Estimate","0.4753"
"Gainesville, FL Metro Area",""
"    Estimate","0.5139"
"Gainesville, GA Metro Area",""
"    Estimate","0.4529"
"Gainesville, TX Micro Area",""
"    Estimate","0.4547"
"Galesburg, IL Micro Area",""
"    Estimate","0.4620"
"Gallup, NM Micro Area",""
"    Estimate","0.5013"
"Garden City, KS Micro Area",""
"    Estimate","0.4008"
"Gardnerville Ranchos, NV Micro Area",""
"    Estimate","0.4656"
"Georgetown, SC Micro Area",""
"    Estimate","0.4938"
"Gettysburg, PA Metro Area",""
"    Estimate","0.3952"
"Gillette, WY Micro Area",""
"    Estimate","0.3995"
"Glasgow, KY Micro Area",""
"    Estimate","0.4624"
"Glens Falls, NY Metro Area",""
"    Estimate","0.4310"
"Glenwood Springs, CO Micro Area",""
"    Estimate","0.4910"
"Gloversville, NY Micro Area",""
"    Estimate","0.4378"
"Goldsboro, NC Metro Area",""
"    Estimate","0.4663"
"Granbury, TX Micro Area",""
"    Estimate","0.4556"
"Grand Forks, ND-MN Metro Area",""
"    Estimate","0.4478"
"Grand Island, NE Metro Area",""
"    Estimate","0.4382"
"Grand Junction, CO Metro Area",""
"    Estimate","0.4395"
"Grand Rapids, MN Micro Area",""
"    Estimate","0.4320"
"Grand Rapids-Kentwood, MI Metro Area",""
"    Estimate","0.4383"
"Grants, NM Micro Area",""
"    Estimate","0.4276"
"Grants Pass, OR Metro Area",""
"    Estimate","0.4716"
"Great Bend, KS Micro Area",""
"    Estimate","0.4307"
"Great Falls, MT Metro Area",""
"    Estimate","0.4510"
"Greeley, CO Metro Area",""
"    Estimate","0.4201"
"Green Bay, WI Metro Area",""
"    Estimate","0.4277"
"Greeneville, TN Micro Area",""
"    Estimate","0.4493"
"Greensboro-High Point, NC Metro Area",""
"    Estimate","0.4763"
"Greensburg, IN Micro Area",""
"    Estimate","0.4167"
"Greenville, MS Micro Area",""
"    Estimate","0.4957"
"Greenville, NC Metro Area",""
"    Estimate","0.4788"
"Greenville, OH Micro Area",""
"    Estimate","0.4421"
"Greenville-Anderson, SC Metro Area",""
"    Estimate","0.4761"
"Greenwood, MS Micro Area",""
"    Estimate","0.5421"
"Greenwood, SC Micro Area",""
"    Estimate","0.4991"
"Grenada, MS Micro Area",""
"    Estimate","0.4992"
"Guayama, PR Metro Area",""
"    Estimate","0.5298"
"Gulfport-Biloxi, MS Metro Area",""
"    Estimate","0.4625"
"Guymon, OK Micro Area",""
"    Estimate","0.4023"
"Hagerstown-Martinsburg, MD-WV Metro Area",""
"    Estimate","0.4248"
"Hailey, ID Micro Area",""
"    Estimate","0.4649"
"Hammond, LA Metro Area",""
"    Estimate","0.4750"
"Hanford-Corcoran, CA Metro Area",""
"    Estimate","0.4126"
"Hannibal, MO Micro Area",""
"    Estimate","0.4372"
"Harrisburg-Carlisle, PA Metro Area",""
"    Estimate","0.4398"
"Harrison, AR Micro Area",""
"    Estimate","0.4436"
"Harrisonburg, VA Metro Area",""
"    Estimate","0.4492"
"Hartford-East Hartford-Middletown, CT Metro Area",""
"    Estimate","0.4655"
"Hastings, NE Micro Area",""
"    Estimate","0.4651"
"Hattiesburg, MS Metro Area",""
"    Estimate","0.4904"
"Hays, KS Micro Area",""
"    Estimate","0.4976"
"Heber, UT Micro Area",""
"    Estimate","0.5032"
"Helena, MT Micro Area",""
"    Estimate","0.4354"
"Helena-West Helena, AR Micro Area",""
"    Estimate","0.4990"
"Henderson, NC Micro Area",""
"    Estimate","0.4580"
"Hereford, TX Micro Area",""
"    Estimate","0.4051"
"Hermiston-Pendleton, OR Micro Area",""
"    Estimate","0.4169"
"Hickory-Lenoir-Morganton, NC Metro Area",""
"    Estimate","0.4555"
"Hillsdale, MI Micro Area",""
"    Estimate","0.4215"
"Hilo, HI Micro Area",""
"    Estimate","0.4772"
"Hilton Head Island-Bluffton, SC Metro Area",""
"    Estimate","0.4804"
"Hinesville, GA Metro Area",""
"    Estimate","0.4092"
"Hobbs, NM Micro Area",""
"    Estimate","0.4733"
"Holland, MI Micro Area",""
"    Estimate","0.4102"
"Homosassa Springs, FL Metro Area",""
"    Estimate","0.4782"
"Hood River, OR Micro Area",""
"    Estimate","0.4526"
"Hope, AR Micro Area",""
"    Estimate","0.4644"
"Hot Springs, AR Metro Area",""
"    Estimate","0.4606"
"Houghton, MI Micro Area",""
"    Estimate","0.4781"
"Houma-Thibodaux, LA Metro Area",""
"    Estimate","0.4786"
"Houston-The Woodlands-Sugar Land, TX Metro Area",""
"    Estimate","0.4827"
"Hudson, NY Micro Area",""
"    Estimate","0.4813"
"Huntingdon, PA Micro Area",""
"    Estimate","0.4268"
"Huntington, IN Micro Area",""
"    Estimate","0.4059"
"Huntington-Ashland, WV-KY-OH Metro Area",""
"    Estimate","0.4810"
"Huntsville, AL Metro Area",""
"    Estimate","0.4620"
"Huntsville, TX Micro Area",""
"    Estimate","0.4672"
"Huron, SD Micro Area",""
"    Estimate","0.4480"
"Hutchinson, KS Micro Area",""
"    Estimate","0.4366"
"Hutchinson, MN Micro Area",""
"    Estimate","0.4248"
"Idaho Falls, ID Metro Area",""
"    Estimate","0.4268"
"Indiana, PA Micro Area",""
"    Estimate","0.4455"
"Indianapolis-Carmel-Anderson, IN Metro Area",""
"    Estimate","0.4655"
"Indianola, MS Micro Area",""
"    Estimate","0.4890"
"Iowa City, IA Metro Area",""
"    Estimate","0.4846"
"Iron Mountain, MI-WI Micro Area",""
"    Estimate","0.4351"
"Ithaca, NY Metro Area",""
"    Estimate","0.4945"
"Jackson, MI Metro Area",""
"    Estimate","0.4456"
"Jackson, MS Metro Area",""
"    Estimate","0.4842"
"Jackson, OH Micro Area",""
"    Estimate","0.4600"
"Jackson, TN Metro Area",""
"    Estimate","0.4579"
"Jackson, WY-ID Micro Area",""
"    Estimate","0.5197"
"Jacksonville, FL Metro Area",""
"    Estimate","0.4663"
"Jacksonville, IL Micro Area",""
"    Estimate","0.4391"
"Jacksonville, NC Metro Area",""
"    Estimate","0.4196"
"Jacksonville, TX Micro Area",""
"    Estimate","0.4446"
"Jamestown, ND Micro Area",""
"    Estimate","0.4981"
"Jamestown-Dunkirk-Fredonia, NY Micro Area",""
"    Estimate","0.4481"
"Janesville-Beloit, WI Metro Area",""
"    Estimate","0.4020"
"Jasper, AL Micro Area",""
"    Estimate","0.4543"
"Jasper, IN Micro Area",""
"    Estimate","0.4051"
"Jayuya, PR Micro Area",""
"    Estimate","0.4593"
"Jefferson, GA Micro Area",""
"    Estimate","0.4099"
"Jefferson City, MO Metro Area",""
"    Estimate","0.4187"
"Jennings, LA Micro Area",""
"    Estimate","0.4590"
"Jesup, GA Micro Area",""
"    Estimate","0.4559"
"Johnson City, TN Metro Area",""
"    Estimate","0.4809"
"Johnstown, PA Metro Area",""
"    Estimate","0.4513"
"Jonesboro, AR Metro Area",""
"    Estimate","0.4929"
"Joplin, MO Metro Area",""
"    Estimate","0.4551"
"Juneau, AK Micro Area",""
"    Estimate","0.4037"
"Kahului-Wailuku-Lahaina, HI Metro Area",""
"    Estimate","0.4439"
"Kalamazoo-Portage, MI Metro Area",""
"    Estimate","0.4609"
"Kalispell, MT Micro Area",""
"    Estimate","0.4587"
"Kankakee, IL Metro Area",""
"    Estimate","0.4370"
"Kansas City, MO-KS Metro Area",""
"    Estimate","0.4518"
"Kapaa, HI Micro Area",""
"    Estimate","0.4405"
"Kearney, NE Micro Area",""
"    Estimate","0.4411"
"Keene, NH Micro Area",""
"    Estimate","0.4285"
"Kendallville, IN Micro Area",""
"    Estimate","0.3826"
"Kennett, MO Micro Area",""
"    Estimate","0.4878"
"Kennewick-Richland, WA Metro Area",""
"    Estimate","0.4258"
"Kerrville, TX Micro Area",""
"    Estimate","0.4571"
"Ketchikan, AK Micro Area",""
"    Estimate","0.4376"
"Key West, FL Micro Area",""
"    Estimate","0.5169"
"Kill Devil Hills, NC Micro Area",""
"    Estimate","0.4171"
"Killeen-Temple, TX Metro Area",""
"    Estimate","0.4457"
"Kingsport-Bristol, TN-VA Metro Area",""
"    Estimate","0.4716"
"Kingston, NY Metro Area",""
"    Estimate","0.4787"
"Kingsville, TX Micro Area",""
"    Estimate","0.4764"
"Kinston, NC Micro Area",""
"    Estimate","0.4673"
"Kirksville, MO Micro Area",""
"    Estimate","0.5449"
"Klamath Falls, OR Micro Area",""
"    Estimate","0.4671"
"Knoxville, TN Metro Area",""
"    Estimate","0.4655"
"Kokomo, IN Metro Area",""
"    Estimate","0.4232"
"Laconia, NH Micro Area",""
"    Estimate","0.4426"
"La Crosse-Onalaska, WI-MN Metro Area",""
"    Estimate","0.4507"
"Lafayette, LA Metro Area",""
"    Estimate","0.4914"
"Lafayette-West Lafayette, IN Metro Area",""
"    Estimate","0.4698"
"La Grande, OR Micro Area",""
"    Estimate","0.4317"
"LaGrange, GA-AL Micro Area",""
"    Estimate","0.4754"
"Lake Charles, LA Metro Area",""
"    Estimate","0.4717"
"Lake City, FL Micro Area",""
"    Estimate","0.4664"
"Lake Havasu City-Kingman, AZ Metro Area",""
"    Estimate","0.4622"
"Lakeland-Winter Haven, FL Metro Area",""
"    Estimate","0.4465"
"Lamesa, TX Micro Area",""
"    Estimate","0.4994"
"Lancaster, PA Metro Area",""
"    Estimate","0.4277"
"Lansing-East Lansing, MI Metro Area",""
"    Estimate","0.4477"
"Laramie, WY Micro Area",""
"    Estimate","0.4838"
"Laredo, TX Metro Area",""
"    Estimate","0.4614"
"Las Cruces, NM Metro Area",""
"    Estimate","0.4812"
"Las Vegas, NM Micro Area",""
"    Estimate","0.4744"
"Las Vegas-Henderson-Paradise, NV Metro Area",""
"    Estimate","0.4706"
"Laurel, MS Micro Area",""
"    Estimate","0.4677"
"Laurinburg, NC Micro Area",""
"    Estimate","0.5042"
"Lawrence, KS Metro Area",""
"    Estimate","0.4593"
"Lawrenceburg, TN Micro Area",""
"    Estimate","0.4636"
"Lawton, OK Metro Area",""
"    Estimate","0.4527"
"Lebanon, MO Micro Area",""
"    Estimate","0.4540"
"Lebanon, NH-VT Micro Area",""
"    Estimate","0.4738"
"Lebanon, PA Metro Area",""
"    Estimate","0.4236"
"Levelland, TX Micro Area",""
"    Estimate","0.4424"
"Lewisburg, PA Micro Area",""
"    Estimate","0.4940"
"Lewisburg, TN Micro Area",""
"    Estimate","0.4273"
"Lewiston, ID-WA Metro Area",""
"    Estimate","0.4610"
"Lewiston-Auburn, ME Metro Area",""
"    Estimate","0.4299"
"Lewistown, PA Micro Area",""
"    Estimate","0.3992"
"Lexington, NE Micro Area",""
"    Estimate","0.4262"
"Lexington-Fayette, KY Metro Area",""
"    Estimate","0.4793"
"Liberal, KS Micro Area",""
"    Estimate","0.3949"
"Lima, OH Metro Area",""
"    Estimate","0.4294"
"Lincoln, IL Micro Area",""
"    Estimate","0.4405"
"Lincoln, NE Metro Area",""
"    Estimate","0.4475"
"Little Rock-North Little Rock-Conway, AR Metro Area",""
"    Estimate","0.4823"
"Lock Haven, PA Micro Area",""
"    Estimate","0.4290"
"Logan, UT-ID Metro Area",""
"    Estimate","0.4253"
"Logansport, IN Micro Area",""
"    Estimate","0.3994"
"London, KY Micro Area",""
"    Estimate","0.4802"
"Longview, TX Metro Area",""
"    Estimate","0.4603"
"Longview, WA Metro Area",""
"    Estimate","0.4383"
"Los Alamos, NM Micro Area",""
"    Estimate","0.3908"
"Los Angeles-Long Beach-Anaheim, CA Metro Area",""
"    Estimate","0.4928"
"Louisville/Jefferson County, KY-IN Metro Area",""
"    Estimate","0.4624"
"Lubbock, TX Metro Area",""
"    Estimate","0.4821"
"Ludington, MI Micro Area",""
"    Estimate","0.4419"
"Lufkin, TX Micro Area",""
"    Estimate","0.4341"
"Lumberton, NC Micro Area",""
"    Estimate","0.5047"
"Lynchburg, VA Metro Area",""
"    Estimate","0.4426"
"Macomb, IL Micro Area",""
"    Estimate","0.4881"
"Macon-Bibb County, GA Metro Area",""
"    Estimate","0.5078"
"Madera, CA Metro Area",""
"    Estimate","0.4535"
"Madison, IN Micro Area",""
"    Estimate","0.4372"
"Madison, WI Metro Area",""
"    Estimate","0.4467"
"Madisonville, KY Micro Area",""
"    Estimate","0.4291"
"Magnolia, AR Micro Area",""
"    Estimate","0.5224"
"Malone, NY Micro Area",""
"    Estimate","0.4402"
"Malvern, AR Micro Area",""
"    Estimate","0.4379"
"Manchester-Nashua, NH Metro Area",""
"    Estimate","0.4301"
"Manhattan, KS Metro Area",""
"    Estimate","0.4480"
"Manitowoc, WI Micro Area",""
"    Estimate","0.4139"
"Mankato, MN Metro Area",""
"    Estimate","0.4452"
"Mansfield, OH Metro Area",""
"    Estimate","0.4358"
"Marietta, OH Micro Area",""
"    Estimate","0.4699"
"Marinette, WI-MI Micro Area",""
"    Estimate","0.4190"
"Marion, IN Micro Area",""
"    Estimate","0.4322"
"Marion, NC Micro Area",""
"    Estimate","0.4413"
"Marion, OH Micro Area",""
"    Estimate","0.4588"
"Marquette, MI Micro Area",""
"    Estimate","0.4148"
"Marshall, MN Micro Area",""
"    Estimate","0.4519"
"Marshall, MO Micro Area",""
"    Estimate","0.4372"
"Marshalltown, IA Micro Area",""
"    Estimate","0.3947"
"Martin, TN Micro Area",""
"    Estimate","0.4618"
"Martinsville, VA Micro Area",""
"    Estimate","0.4585"
"Maryville, MO Micro Area",""
"    Estimate","0.4462"
"Mason City, IA Micro Area",""
"    Estimate","0.4450"
"Mayagüez, PR Metro Area",""
"    Estimate","0.5906"
"Mayfield, KY Micro Area",""
"    Estimate","0.4830"
"Maysville, KY Micro Area",""
"    Estimate","0.5442"
"McAlester, OK Micro Area",""
"    Estimate","0.4653"
"McAllen-Edinburg-Mission, TX Metro Area",""
"    Estimate","0.4780"
"McComb, MS Micro Area",""
"    Estimate","0.5437"
"McMinnville, TN Micro Area",""
"    Estimate","0.4484"
"McPherson, KS Micro Area",""
"    Estimate","0.3944"
"Meadville, PA Micro Area",""
"    Estimate","0.4335"
"Medford, OR Metro Area",""
"    Estimate","0.4562"
"Memphis, TN-MS-AR Metro Area",""
"    Estimate","0.4897"
"Menomonie, WI Micro Area",""
"    Estimate","0.4289"
"Merced, CA Metro Area",""
"    Estimate","0.4581"
"Meridian, MS Micro Area",""
"    Estimate","0.5028"
"Mexico, MO Micro Area",""
"    Estimate","0.4434"
"Miami, OK Micro Area",""
"    Estimate","0.4489"
"Miami-Fort Lauderdale-Pompano Beach, FL Metro Area",""
"    Estimate","0.5101"
"Michigan City-La Porte, IN Metro Area",""
"    Estimate","0.4324"
"Middlesborough, KY Micro Area",""
"    Estimate","0.4755"
"Midland, MI Metro Area",""
"    Estimate","0.4615"
"Midland, TX Metro Area",""
"    Estimate","0.4707"
"Milledgeville, GA Micro Area",""
"    Estimate","0.5449"
"Milwaukee-Waukesha, WI Metro Area",""
"    Estimate","0.4710"
"Minden, LA Micro Area",""
"    Estimate","0.5030"
"Mineral Wells, TX Micro Area",""
"    Estimate","0.4521"
"Minneapolis-St. Paul-Bloomington, MN-WI Metro Area",""
"    Estimate","0.4445"
"Minot, ND Micro Area",""
"    Estimate","0.4310"
"Missoula, MT Metro Area",""
"    Estimate","0.4734"
"Mitchell, SD Micro Area",""
"    Estimate","0.4398"
"Moberly, MO Micro Area",""
"    Estimate","0.4142"
"Mobile, AL Metro Area",""
"    Estimate","0.4705"
"Modesto, CA Metro Area",""
"    Estimate","0.4418"
"Monroe, LA Metro Area",""
"    Estimate","0.5186"
"Monroe, MI Metro Area",""
"    Estimate","0.4237"
"Montgomery, AL Metro Area",""
"    Estimate","0.4745"
"Montrose, CO Micro Area",""
"    Estimate","0.4644"
"Morehead City, NC Micro Area",""
"    Estimate","0.4516"
"Morgan City, LA Micro Area",""
"    Estimate","0.4828"
"Morgantown, WV Metro Area",""
"    Estimate","0.4949"
"Morristown, TN Metro Area",""
"    Estimate","0.4594"
"Moscow, ID Micro Area",""
"    Estimate","0.4559"
"Moses Lake, WA Micro Area",""
"    Estimate","0.4291"
"Moultrie, GA Micro Area",""
"    Estimate","0.4848"
"Mountain Home, AR Micro Area",""
"    Estimate","0.4592"
"Mountain Home, ID Micro Area",""
"    Estimate","0.4177"
"Mount Airy, NC Micro Area",""
"    Estimate","0.4808"
"Mount Gay-Shamrock, WV Micro Area",""
"    Estimate","0.5016"
"Mount Pleasant, MI Micro Area",""
"    Estimate","0.4801"
"Mount Pleasant, TX Micro Area",""
"    Estimate","0.4480"
"Mount Sterling, KY Micro Area",""
"    Estimate","0.4566"
"Mount Vernon, IL Micro Area",""
"    Estimate","0.4344"
"Mount Vernon, OH Micro Area",""
"    Estimate","0.4104"
"Mount Vernon-Anacortes, WA Metro Area",""
"    Estimate","0.4355"
"Muncie, IN Metro Area",""
"    Estimate","0.4475"
"Murray, KY Micro Area",""
"    Estimate","0.4790"
"Muscatine, IA Micro Area",""
"    Estimate","0.4073"
"Muskegon, MI Metro Area",""
"    Estimate","0.4367"
"Muskogee, OK Micro Area",""
"    Estimate","0.4591"
"Myrtle Beach-Conway-North Myrtle Beach, SC-NC Metro Area",""
"    Estimate","0.4477"
"Nacogdoches, TX Micro Area",""
"    Estimate","0.5024"
"Napa, CA Metro Area",""
"    Estimate","0.4757"
"Naples-Marco Island, FL Metro Area",""
"    Estimate","0.5313"
"Nashville-Davidson--Murfreesboro--Franklin, TN Metro Area",""
"    Estimate","0.4646"
"Natchez, MS-LA Micro Area",""
"    Estimate","0.5049"
"Natchitoches, LA Micro Area",""
"    Estimate","0.5324"
"New Bern, NC Metro Area",""
"    Estimate","0.4593"
"Newberry, SC Micro Area",""
"    Estimate","0.4648"
"New Castle, IN Micro Area",""
"    Estimate","0.4266"
"New Castle, PA Micro Area",""
"    Estimate","0.4366"
"New Haven-Milford, CT Metro Area",""
"    Estimate","0.4807"
"New Orleans-Metairie, LA Metro Area",""
"    Estimate","0.4995"
"New Philadelphia-Dover, OH Micro Area",""
"    Estimate","0.4190"
"Newport, OR Micro Area",""
"    Estimate","0.4585"
"Newport, TN Micro Area",""
"    Estimate","0.4549"
"New Ulm, MN Micro Area",""
"    Estimate","0.4000"
"New York-Newark-Jersey City, NY-NJ-PA Metro Area",""
"    Estimate","0.5136"
"Niles, MI Metro Area",""
"    Estimate","0.4823"
"Nogales, AZ Micro Area",""
"    Estimate","0.4635"
"Norfolk, NE Micro Area",""
"    Estimate","0.4558"
"North Platte, NE Micro Area",""
"    Estimate","0.4264"
"North Port-Sarasota-Bradenton, FL Metro Area",""
"    Estimate","0.4893"
"North Vernon, IN Micro Area",""
"    Estimate","0.3935"
"North Wilkesboro, NC Micro Area",""
"    Estimate","0.4370"
"Norwalk, OH Micro Area",""
"    Estimate","0.3965"
"Norwich-New London, CT Metro Area",""
"    Estimate","0.4406"
"Oak Harbor, WA Micro Area",""
"    Estimate","0.4239"
"Ocala, FL Metro Area",""
"    Estimate","0.4495"
"Ocean City, NJ Metro Area",""
"    Estimate","0.4747"
"Odessa, TX Metro Area",""
"    Estimate","0.4579"
"Ogden-Clearfield, UT Metro Area",""
"    Estimate","0.4019"
"Ogdensburg-Massena, NY Micro Area",""
"    Estimate","0.4486"
"Oil City, PA Micro Area",""
"    Estimate","0.4196"
"Okeechobee, FL Micro Area",""
"    Estimate","0.4520"
"Oklahoma City, OK Metro Area",""
"    Estimate","0.4646"
"Olean, NY Micro Area",""
"    Estimate","0.4413"
"Olympia-Lacey-Tumwater, WA Metro Area",""
"    Estimate","0.4066"
"Omaha-Council Bluffs, NE-IA Metro Area",""
"    Estimate","0.4549"
"Oneonta, NY Micro Area",""
"    Estimate","0.4540"
"Ontario, OR-ID Micro Area",""
"    Estimate","0.4342"
"Opelousas, LA Micro Area",""
"    Estimate","0.5008"
"Orangeburg, SC Micro Area",""
"    Estimate","0.4839"
"Orlando-Kissimmee-Sanford, FL Metro Area",""
"    Estimate","0.4649"
"Oshkosh-Neenah, WI Metro Area",""
"    Estimate","0.4217"
"Oskaloosa, IA Micro Area",""
"    Estimate","0.4256"
"Othello, WA Micro Area",""
"    Estimate","0.4405"
"Ottawa, IL Micro Area",""
"    Estimate","0.4316"
"Ottawa, KS Micro Area",""
"    Estimate","0.3897"
"Ottumwa, IA Micro Area",""
"    Estimate","0.4312"
"Owatonna, MN Micro Area",""
"    Estimate","0.4260"
"Owensboro, KY Metro Area",""
"    Estimate","0.4517"
"Oxford, MS Micro Area",""
"    Estimate","0.5244"
"Oxnard-Thousand Oaks-Ventura, CA Metro Area",""
"    Estimate","0.4497"
"Ozark, AL Micro Area",""
"    Estimate","0.4432"
"Paducah, KY-IL Micro Area",""
"    Estimate","0.4920"
"Pahrump, NV Micro Area",""
"    Estimate","0.4427"
"Palatka, FL Micro Area",""
"    Estimate","0.4799"
"Palestine, TX Micro Area",""
"    Estimate","0.4294"
"Palm Bay-Melbourne-Titusville, FL Metro Area",""
"    Estimate","0.4517"
"Pampa, TX Micro Area",""
"    Estimate","0.4852"
"Panama City, FL Metro Area",""
"    Estimate","0.4413"
"Paragould, AR Micro Area",""
"    Estimate","0.4283"
"Paris, TN Micro Area",""
"    Estimate","0.4540"
"Paris, TX Micro Area",""
"    Estimate","0.4589"
"Parkersburg-Vienna, WV Metro Area",""
"    Estimate","0.4545"
"Parsons, KS Micro Area",""
"    Estimate","0.4345"
"Payson, AZ Micro Area",""
"    Estimate","0.4389"
"Pearsall, TX Micro Area",""
"    Estimate","0.4720"
"Pecos, TX Micro Area",""
"    Estimate","0.4463"
"Pella, IA Micro Area",""
"    Estimate","0.4294"
"Pensacola-Ferry Pass-Brent, FL Metro Area",""
"    Estimate","0.4439"
"Peoria, IL Metro Area",""
"    Estimate","0.4579"
"Peru, IN Micro Area",""
"    Estimate","0.4178"
"Philadelphia-Camden-Wilmington, PA-NJ-DE-MD Metro Area",""
"    Estimate","0.4828"
"Phoenix-Mesa-Chandler, AZ Metro Area",""
"    Estimate","0.4534"
"Picayune, MS Micro Area",""
"    Estimate","0.4413"
"Pierre, SD Micro Area",""
"    Estimate","0.3958"
"Pine Bluff, AR Metro Area",""
"    Estimate","0.4677"
"Pinehurst-Southern Pines, NC Micro Area",""
"    Estimate","0.4474"
"Pittsburg, KS Micro Area",""
"    Estimate","0.4656"
"Pittsburgh, PA Metro Area",""
"    Estimate","0.4707"
"Pittsfield, MA Metro Area",""
"    Estimate","0.4910"
"Plainview, TX Micro Area",""
"    Estimate","0.4464"
"Platteville, WI Micro Area",""
"    Estimate","0.4272"
"Plattsburgh, NY Micro Area",""
"    Estimate","0.4372"
"Plymouth, IN Micro Area",""
"    Estimate","0.4265"
"Pocatello, ID Metro Area",""
"    Estimate","0.4279"
"Point Pleasant, WV-OH Micro Area",""
"    Estimate","0.4722"
"Ponca City, OK Micro Area",""
"    Estimate","0.4568"
"Ponce, PR Metro Area",""
"    Estimate","0.5453"
"Pontiac, IL Micro Area",""
"    Estimate","0.4162"
"Poplar Bluff, MO Micro Area",""
"    Estimate","0.4565"
"Portales, NM Micro Area",""
"    Estimate","0.4273"
"Port Angeles, WA Micro Area",""
"    Estimate","0.4408"
"Portland-South Portland, ME Metro Area",""
"    Estimate","0.4490"
"Portland-Vancouver-Hillsboro, OR-WA Metro Area",""
"    Estimate","0.4491"
"Port Lavaca, TX Micro Area",""
"    Estimate","0.4133"
"Port St. Lucie, FL Metro Area",""
"    Estimate","0.4745"
"Portsmouth, OH Micro Area",""
"    Estimate","0.4695"
"Pottsville, PA Micro Area",""
"    Estimate","0.4284"
"Poughkeepsie-Newburgh-Middletown, NY Metro Area",""
"    Estimate","0.4559"
"Prescott Valley-Prescott, AZ Metro Area",""
"    Estimate","0.4482"
"Price, UT Micro Area",""
"    Estimate","0.4233"
"Prineville, OR Micro Area",""
"    Estimate","0.4092"
"Providence-Warwick, RI-MA Metro Area",""
"    Estimate","0.4605"
"Provo-Orem, UT Metro Area",""
"    Estimate","0.4208"
"Pueblo, CO Metro Area",""
"    Estimate","0.4534"
"Pullman, WA Micro Area",""
"    Estimate","0.5276"
"Punta Gorda, FL Metro Area",""
"    Estimate","0.4506"
"Quincy, IL-MO Micro Area",""
"    Estimate","0.4386"
"Racine, WI Metro Area",""
"    Estimate","0.4345"
"Raleigh-Cary, NC Metro Area",""
"    Estimate","0.4501"
"Rapid City, SD Metro Area",""
"    Estimate","0.4528"
"Raymondville, TX Micro Area",""
"    Estimate","0.4728"
"Reading, PA Metro Area",""
"    Estimate","0.4452"
"Red Bluff, CA Micro Area",""
"    Estimate","0.5057"
"Redding, CA Metro Area",""
"    Estimate","0.4601"
"Red Wing, MN Micro Area",""
"    Estimate","0.4212"
"Reno, NV Metro Area",""
"    Estimate","0.4656"
"Rexburg, ID Micro Area",""
"    Estimate","0.4845"
"Richmond, IN Micro Area",""
"    Estimate","0.4477"
"Richmond, VA Metro Area",""
"    Estimate","0.4606"
"Richmond-Berea, KY Micro Area",""
"    Estimate","0.4543"
"Rio Grande City-Roma, TX Micro Area",""
"    Estimate","0.5148"
"Riverside-San Bernardino-Ontario, CA Metro Area",""
"    Estimate","0.4444"
"Riverton, WY Micro Area",""
"    Estimate","0.4245"
"Roanoke, VA Metro Area",""
"    Estimate","0.4685"
"Roanoke Rapids, NC Micro Area",""
"    Estimate","0.4933"
"Rochelle, IL Micro Area",""
"    Estimate","0.4038"
"Rochester, MN Metro Area",""
"    Estimate","0.4462"
"Rochester, NY Metro Area",""
"    Estimate","0.4577"
"Rockford, IL Metro Area",""
"    Estimate","0.4493"
"Rockingham, NC Micro Area",""
"    Estimate","0.4699"
"Rockport, TX Micro Area",""
"    Estimate","0.5130"
"Rock Springs, WY Micro Area",""
"    Estimate","0.4433"
"Rocky Mount, NC Metro Area",""
"    Estimate","0.4584"
"Rolla, MO Micro Area",""
"    Estimate","0.4698"
"Rome, GA Metro Area",""
"    Estimate","0.4678"
"Roseburg, OR Micro Area",""
"    Estimate","0.4370"
"Roswell, NM Micro Area",""
"    Estimate","0.4734"
"Ruidoso, NM Micro Area",""
"    Estimate","0.4882"
"Russellville, AR Micro Area",""
"    Estimate","0.4558"
"Ruston, LA Micro Area",""
"    Estimate","0.5244"
"Rutland, VT Micro Area",""
"    Estimate","0.4566"
"Sacramento-Roseville-Folsom, CA Metro Area",""
"    Estimate","0.4556"
"Safford, AZ Micro Area",""
"    Estimate","0.4057"
"Saginaw, MI Metro Area",""
"    Estimate","0.4747"
"St. Cloud, MN Metro Area",""
"    Estimate","0.4237"
"St. George, UT Metro Area",""
"    Estimate","0.4464"
"St. Joseph, MO-KS Metro Area",""
"    Estimate","0.4539"
"St. Louis, MO-IL Metro Area",""
"    Estimate","0.4661"
"St. Marys, GA Micro Area",""
"    Estimate","0.4167"
"St. Marys, PA Micro Area",""
"    Estimate","0.4230"
"Salem, OH Micro Area",""
"    Estimate","0.4386"
"Salem, OR Metro Area",""
"    Estimate","0.4371"
"Salina, KS Micro Area",""
"    Estimate","0.4331"
"Salinas, CA Metro Area",""
"    Estimate","0.4596"
"Salisbury, MD-DE Metro Area",""
"    Estimate","0.4627"
"Salt Lake City, UT Metro Area",""
"    Estimate","0.4273"
"San Angelo, TX Metro Area",""
"    Estimate","0.4466"
"San Antonio-New Braunfels, TX Metro Area",""
"    Estimate","0.4600"
"San Diego-Chula Vista-Carlsbad, CA Metro Area",""
"    Estimate","0.4602"
"Sandpoint, ID Micro Area",""
"    Estimate","0.4542"
"Sandusky, OH Micro Area",""
"    Estimate","0.4646"
"Sanford, NC Micro Area",""
"    Estimate","0.4309"
"San Francisco-Oakland-Berkeley, CA Metro Area",""
"    Estimate","0.4913"
"San Germán, PR Metro Area",""
"    Estimate","0.5178"
"San Jose-Sunnyvale-Santa Clara, CA Metro Area",""
"    Estimate","0.4743"
"San Juan-Bayamón-Caguas, PR Metro Area",""
"    Estimate","0.5442"
"San Luis Obispo-Paso Robles, CA Metro Area",""
"    Estimate","0.4724"
"Santa Cruz-Watsonville, CA Metro Area",""
"    Estimate","0.4818"
"Santa Fe, NM Metro Area",""
"    Estimate","0.4861"
"Santa Isabel, PR Micro Area",""
"    Estimate","0.5168"
"Santa Maria-Santa Barbara, CA Metro Area",""
"    Estimate","0.4886"
"Santa Rosa-Petaluma, CA Metro Area",""
"    Estimate","0.4588"
"Sault Ste. Marie, MI Micro Area",""
"    Estimate","0.4823"
"Savannah, GA Metro Area",""
"    Estimate","0.4636"
"Sayre, PA Micro Area",""
"    Estimate","0.4245"
"Scottsbluff, NE Micro Area",""
"    Estimate","0.4354"
"Scottsboro, AL Micro Area",""
"    Estimate","0.4574"
"Scottsburg, IN Micro Area",""
"    Estimate","0.4192"
"Scranton--Wilkes-Barre, PA Metro Area",""
"    Estimate","0.4529"
"Searcy, AR Micro Area",""
"    Estimate","0.4621"
"Seattle-Tacoma-Bellevue, WA Metro Area",""
"    Estimate","0.4620"
"Sebastian-Vero Beach, FL Metro Area",""
"    Estimate","0.5066"
"Sebring-Avon Park, FL Metro Area",""
"    Estimate","0.4603"
"Sedalia, MO Micro Area",""
"    Estimate","0.4510"
"Selinsgrove, PA Micro Area",""
"    Estimate","0.4234"
"Selma, AL Micro Area",""
"    Estimate","0.4894"
"Seneca, SC Micro Area",""
"    Estimate","0.4909"
"Seneca Falls, NY Micro Area",""
"    Estimate","0.4597"
"Sevierville, TN Micro Area",""
"    Estimate","0.4460"
"Seymour, IN Micro Area",""
"    Estimate","0.4153"
"Shawano, WI Micro Area",""
"    Estimate","0.4289"
"Shawnee, OK Micro Area",""
"    Estimate","0.4464"
"Sheboygan, WI Metro Area",""
"    Estimate","0.4071"
"Shelby, NC Micro Area",""
"    Estimate","0.4637"
"Shelbyville, TN Micro Area",""
"    Estimate","0.4150"
"Shelton, WA Micro Area",""
"    Estimate","0.4180"
"Sheridan, WY Micro Area",""
"    Estimate","0.4390"
"Sherman-Denison, TX Metro Area",""
"    Estimate","0.4466"
"Show Low, AZ Micro Area",""
"    Estimate","0.4536"
"Shreveport-Bossier City, LA Metro Area",""
"    Estimate","0.5021"
"Sidney, OH Micro Area",""
"    Estimate","0.4000"
"Sierra Vista-Douglas, AZ Metro Area",""
"    Estimate","0.4384"
"Sikeston, MO Micro Area",""
"    Estimate","0.4731"
"Silver City, NM Micro Area",""
"    Estimate","0.4864"
"Sioux City, IA-NE-SD Metro Area",""
"    Estimate","0.4379"
"Sioux Falls, SD Metro Area",""
"    Estimate","0.4290"
"Snyder, TX Micro Area",""
"    Estimate","0.4213"
"Somerset, KY Micro Area",""
"    Estimate","0.5008"
"Somerset, PA Micro Area",""
"    Estimate","0.4306"
"Sonora, CA Micro Area",""
"    Estimate","0.4533"
"South Bend-Mishawaka, IN-MI Metro Area",""
"    Estimate","0.4709"
"Spartanburg, SC Metro Area",""
"    Estimate","0.4505"
"Spearfish, SD Micro Area",""
"    Estimate","0.4716"
"Spencer, IA Micro Area",""
"    Estimate","0.4236"
"Spirit Lake, IA Micro Area",""
"    Estimate","0.4414"
"Spokane-Spokane Valley, WA Metro Area",""
"    Estimate","0.4518"
"Springfield, IL Metro Area",""
"    Estimate","0.4562"
"Springfield, MA Metro Area",""
"    Estimate","0.4666"
"Springfield, MO Metro Area",""
"    Estimate","0.4595"
"Springfield, OH Metro Area",""
"    Estimate","0.4225"
"Starkville, MS Micro Area",""
"    Estimate","0.5282"
"State College, PA Metro Area",""
"    Estimate","0.4775"
"Statesboro, GA Micro Area",""
"    Estimate","0.4823"
"Staunton, VA Metro Area",""
"    Estimate","0.4229"
"Steamboat Springs, CO Micro Area",""
"    Estimate","0.4685"
"Stephenville, TX Micro Area",""
"    Estimate","0.4883"
"Sterling, CO Micro Area",""
"    Estimate","0.4181"
"Sterling, IL Micro Area",""
"    Estimate","0.4441"
"Stevens Point, WI Micro Area",""
"    Estimate","0.4166"
"Stillwater, OK Micro Area",""
"    Estimate","0.4912"
"Stockton, CA Metro Area",""
"    Estimate","0.4434"
"Storm Lake, IA Micro Area",""
"    Estimate","0.4165"
"Sturgis, MI Micro Area",""
"    Estimate","0.4090"
"Sulphur Springs, TX Micro Area",""
"    Estimate","0.4616"
"Summerville, GA Micro Area",""
"    Estimate","0.4250"
"Sumter, SC Metro Area",""
"    Estimate","0.4623"
"Sunbury, PA Micro Area",""
"    Estimate","0.4345"
"Susanville, CA Micro Area",""
"    Estimate","0.4179"
"Sweetwater, TX Micro Area",""
"    Estimate","0.5192"
"Syracuse, NY Metro Area",""
"    Estimate","0.4590"
"Tahlequah, OK Micro Area",""
"    Estimate","0.4719"
"Talladega-Sylacauga, AL Micro Area",""
"    Estimate","0.4797"
"Tallahassee, FL Metro Area",""
"    Estimate","0.4962"
"Tampa-St. Petersburg-Clearwater, FL Metro Area",""
"    Estimate","0.4787"
"Taos, NM Micro Area",""
"    Estimate","0.5080"
"Taylorville, IL Micro Area",""
"    Estimate","0.4327"
"Terre Haute, IN Metro Area",""
"    Estimate","0.4530"
"Texarkana, TX-AR Metro Area",""
"    Estimate","0.4824"
"The Dalles, OR Micro Area",""
"    Estimate","0.4830"
"The Villages, FL Metro Area",""
"    Estimate","0.4227"
"Thomaston, GA Micro Area",""
"    Estimate","0.4942"
"Thomasville, GA Micro Area",""
"    Estimate","0.4713"
"Tiffin, OH Micro Area",""
"    Estimate","0.4261"
"Tifton, GA Micro Area",""
"    Estimate","0.4646"
"Toccoa, GA Micro Area",""
"    Estimate","0.4297"
"Toledo, OH Metro Area",""
"    Estimate","0.4763"
"Topeka, KS Metro Area",""
"    Estimate","0.4382"
"Torrington, CT Micro Area",""
"    Estimate","0.4654"
"Traverse City, MI Micro Area",""
"    Estimate","0.4454"
"Trenton-Princeton, NJ Metro Area",""
"    Estimate","0.5015"
"Troy, AL Micro Area",""
"    Estimate","0.5191"
"Truckee-Grass Valley, CA Micro Area",""
"    Estimate","0.4727"
"Tucson, AZ Metro Area",""
"    Estimate","0.4679"
"Tullahoma-Manchester, TN Micro Area",""
"    Estimate","0.4416"
"Tulsa, OK Metro Area",""
"    Estimate","0.4689"
"Tupelo, MS Micro Area",""
"    Estimate","0.4649"
"Tuscaloosa, AL Metro Area",""
"    Estimate","0.4778"
"Twin Falls, ID Metro Area",""
"    Estimate","0.4466"
"Tyler, TX Metro Area",""
"    Estimate","0.4571"
"Ukiah, CA Micro Area",""
"    Estimate","0.4805"
"Union, SC Micro Area",""
"    Estimate","0.4628"
"Union City, TN Micro Area",""
"    Estimate","0.4670"
"Urbana, OH Micro Area",""
"    Estimate","0.3764"
"Urban Honolulu, HI Metro Area",""
"    Estimate","0.4386"
"Utica-Rome, NY Metro Area",""
"    Estimate","0.4435"
"Uvalde, TX Micro Area",""
"    Estimate","0.5044"
"Valdosta, GA Metro Area",""
"    Estimate","0.4928"
"Vallejo, CA Metro Area",""
"    Estimate","0.4207"
"Van Wert, OH Micro Area",""
"    Estimate","0.3740"
"Vermillion, SD Micro Area",""
"    Estimate","0.4772"
"Vernal, UT Micro Area",""
"    Estimate","0.4184"
"Vernon, TX Micro Area",""
"    Estimate","0.4089"
"Vicksburg, MS Micro Area",""
"    Estimate","0.4743"
"Victoria, TX Metro Area",""
"    Estimate","0.4489"
"Vidalia, GA Micro Area",""
"    Estimate","0.5075"
"Vincennes, IN Micro Area",""
"    Estimate","0.4544"
"Vineland-Bridgeton, NJ Metro Area",""
"    Estimate","0.4985"
"Vineyard Haven, MA Micro Area",""
"    Estimate","0.5380"
"Virginia Beach-Norfolk-Newport News, VA-NC Metro Area",""
"    Estimate","0.4447"
"Visalia, CA Metro Area",""
"    Estimate","0.4524"
"Wabash, IN Micro Area",""
"    Estimate","0.4054"
"Waco, TX Metro Area",""
"    Estimate","0.4784"
"Wahpeton, ND-MN Micro Area",""
"    Estimate","0.4635"
"Walla Walla, WA Metro Area",""
"    Estimate","0.4582"
"Wapakoneta, OH Micro Area",""
"    Estimate","0.3897"
"Warner Robins, GA Metro Area",""
"    Estimate","0.4236"
"Warren, PA Micro Area",""
"    Estimate","0.4200"
"Warrensburg, MO Micro Area",""
"    Estimate","0.3989"
"Warsaw, IN Micro Area",""
"    Estimate","0.4134"
"Washington, IN Micro Area",""
"    Estimate","0.4162"
"Washington, NC Micro Area",""
"    Estimate","0.4701"
"Washington-Arlington-Alexandria, DC-VA-MD-WV Metro Area",""
"    Estimate","0.4472"
"Washington Court House, OH Micro Area",""
"    Estimate","0.4405"
"Waterloo-Cedar Falls, IA Metro Area",""
"    Estimate","0.4514"
"Watertown, SD Micro Area",""
"    Estimate","0.4237"
"Watertown-Fort Atkinson, WI Micro Area",""
"    Estimate","0.4015"
"Watertown-Fort Drum, NY Metro Area",""
"    Estimate","0.4316"
"Wauchula, FL Micro Area",""
"    Estimate","0.5160"
"Wausau-Weston, WI Metro Area",""
"    Estimate","0.4242"
"Waycross, GA Micro Area",""
"    Estimate","0.4614"
"Weatherford, OK Micro Area",""
"    Estimate","0.4833"
"Weirton-Steubenville, WV-OH Metro Area",""
"    Estimate","0.4496"
"Wenatchee, WA Metro Area",""
"    Estimate","0.4521"
"West Plains, MO Micro Area",""
"    Estimate","0.4652"
"West Point, MS Micro Area",""
"    Estimate","0.5131"
"Wheeling, WV-OH Metro Area",""
"    Estimate","0.4731"
"Whitewater, WI Micro Area",""
"    Estimate","0.4389"
"Wichita, KS Metro Area",""
"    Estimate","0.4511"
"Wichita Falls, TX Metro Area",""
"    Estimate","0.4554"
"Williamsport, PA Metro Area",""
"    Estimate","0.4308"
"Williston, ND Micro Area",""
"    Estimate","0.4431"
"Willmar, MN Micro Area",""
"    Estimate","0.4175"
"Wilmington, NC Metro Area",""
"    Estimate","0.4764"
"Wilmington, OH Micro Area",""
"    Estimate","0.4379"
"Wilson, NC Micro Area",""
"    Estimate","0.4757"
"Winchester, VA-WV Metro Area",""
"    Estimate","0.4275"
"Winfield, KS Micro Area",""
"    Estimate","0.4581"
"Winnemucca, NV Micro Area",""
"    Estimate","0.4518"
"Winona, MN Micro Area",""
"    Estimate","0.4347"
"Winston-Salem, NC Metro Area",""
"    Estimate","0.4660"
"Wisconsin Rapids-Marshfield, WI Micro Area",""
"    Estimate","0.4442"
"Woodward, OK Micro Area",""
"    Estimate","0.4374"
"Wooster, OH Micro Area",""
"    Estimate","0.4125"
"Worcester, MA-CT Metro Area",""
"    Estimate","0.4530"
"Worthington, MN Micro Area",""
"    Estimate","0.4187"
"Yakima, WA Metro Area",""
"    Estimate","0.4216"
"Yankton, SD Micro Area",""
"    Estimate","0.4272"
"Yauco, PR Metro Area",""
"    Estimate","0.4826"
"York-Hanover, PA Metro Area",""
"    Estimate","0.4168"
"Youngstown-Warren-Boardman, OH-PA Metro Area",""
"    Estimate","0.4582"
"Yuba City, CA Metro Area",""
"    Estimate","0.4524"
"Yuma, AZ Metro Area",""
"    Estimate","0.4574"
"Zanesville, OH Micro Area",""
"    Estimate","0.4588"
"Zapata, TX Micro Area",""
"    Estimate","0.5195"