"Label (Grouping)","Total:!!Agriculture, forestry, fishing and hunting, and mining","Total:!!Construction","Total:!!Manufacturing","Total:!!Wholesale trade","Total:!!Retail trade","Total:!!Transportation and warehousing, and utilities","Total:!!Information","Total:!!Finance and insurance, and real estate and rental and leasing","Total:!!Professional, scientific, and management, and administrative and waste management services","Total:!!Educational services, and health care and social assistance","Total:!!Arts, entertainment, and recreation, and accommodation and food services","Total:!!Other services, except public administration","Total:!!Public administration"
"Abilene, TX Metro Area","","","","","","","","","","","","",""
"    Estimate","1,691","4,957","5,156","1,903","11,474","3,746","941","5,932","5,384","22,486","6,608","5,388","3,542"
"Aguadilla, PR Metro Area","","","","","","","","","","","","",""
"    Estimate","422","6,548","8,934","1,060","9,421","2,760","532","3,463","12,477","16,869","11,126","4,833","7,920"
"Akron, OH Metro Area","","","","","","","","","","","","",""
"    Estimate","2,322","19,961","52,604","10,215","42,817","16,241","4,156","24,641","39,722","85,958","32,948","16,528","10,901"
"Albany, GA Metro Area","","","","","","","","","","","","",""
"    Estimate","1,224","4,233","6,586","1,125","6,788","3,922","514","3,312","5,577","15,612","3,393","2,611","5,111"
"Albany, OR Metro Area","","","","","","","","","","","","",""
"    Estimate","1,199","3,886","6,526","1,428","9,976","2,835","342","3,312","5,389","15,179","3,377","4,293","3,619"
"Albany-Schenectady-Troy, NY Metro Area","","","","","","","","","","","","",""
"    Estimate","1,696","23,224","37,732","9,385","43,379","21,305","8,955","33,376","54,298","120,574","34,231","21,676","47,382"
"Albuquerque, NM Metro Area","","","","","","","","","","","","",""
"    Estimate","5,284","30,585","24,674","7,262","45,279","18,939","7,738","23,976","70,349","115,275","42,852","22,912","26,621"
"Alexandria, LA Metro Area","","","","","","","","","","","","",""
"    Estimate","2,471","3,491","4,328","1,895","6,548","3,392","442","2,716","5,197","18,216","5,519","2,647","4,162"
"Allentown-Bethlehem-Easton, PA-NJ Metro Area","","","","","","","","","","","","",""
"    Estimate","2,746","28,649","61,371","10,067","47,698","34,698","7,380","20,016","53,724","110,069","30,870","15,262","13,082"
"Altoona, PA Metro Area","","","","","","","","","","","","",""
"    Estimate","624","3,638","4,633","1,557","9,065","4,318","670","2,332","4,262","15,319","4,335","3,114","2,163"
"Amarillo, TX Metro Area","","","","","","","","","","","","",""
"    Estimate","2,664","11,192","12,892","3,526","18,407","12,095","2,042","8,348","9,675","27,275","14,516","7,376","6,408"
"Ames, IA Metro Area","","","","","","","","","","","","",""
"    Estimate","2,510","3,314","6,124","1,719","7,433","2,750","842","2,625","6,017","24,335","4,736","1,970","2,898"
"Amherst Town-Northampton, MA Metro Area","","","","","","","","","","","","",""
"    Estimate","474","3,921","6,398","1,214","8,687","3,035","1,477","3,140","8,228","32,347","8,926","4,828","2,920"
"Anchorage, AK Metro Area","","","","","","","","","","","","",""
"    Estimate","7,655","14,669","5,763","3,414","22,356","15,963","3,922","5,812","20,229","50,356","17,074","8,316","20,212"
"Ann Arbor, MI Metro Area","","","","","","","","","","","","",""
"    Estimate","680","5,775","24,233","1,865","16,648","6,239","3,107","7,294","24,408","68,780","17,814","7,313","4,537"
"Anniston-Oxford, AL Metro Area","","","","","","","","","","","","",""
"    Estimate","334","2,000","10,208","856","6,015","2,282","901","2,025","3,631","13,884","3,311","2,065","1,958"
"Appleton, WI Metro Area","","","","","","","","","","","","",""
"    Estimate","2,326","9,755","31,241","4,257","11,573","7,480","1,774","8,129","10,665","27,606","8,641","5,120","3,413"
"Arecibo, PR Metro Area","","","","","","","","","","","","",""
"    Estimate","598","4,214","8,350","544","7,204","1,995","1,011","3,034","4,450","13,684","5,703","3,225","5,634"
"Asheville, NC Metro Area","","","","","","","","","","","","",""
"    Estimate","1,697","15,531","20,524","3,543","19,560","7,033","1,941","8,935","23,966","50,830","27,810","8,034","7,387"
"Athens-Clarke County, GA Metro Area","","","","","","","","","","","","",""
"    Estimate","1,450","5,021","8,289","2,706","11,266","6,891","1,386","6,312","13,121","31,884","11,148","5,777","5,574"
"Atlanta-Sandy Springs-Roswell, GA Metro Area","","","","","","","","","","","","",""
"    Estimate","11,614","230,106","256,402","76,980","357,119","246,190","89,923","236,683","534,641","653,513","282,956","162,997","131,648"
"Atlantic City-Hammonton, NJ Metro Area","","","","","","","","","","","","",""
"    Estimate","1,259","10,985","8,581","2,285","15,811","7,403","1,914","10,755","16,768","47,041","38,215","7,758","10,900"
"Auburn-Opelika, AL Metro Area","","","","","","","","","","","","",""
"    Estimate","603","5,274","11,339","2,451","9,237","4,694","978","5,148","10,746","25,183","8,974","4,142","4,553"
"Augusta-Richmond County, GA-SC Metro Area","","","","","","","","","","","","",""
"    Estimate","3,651","17,766","27,739","3,302","28,686","19,339","3,990","13,189","33,393","69,326","26,891","16,744","15,051"
"Austin-Round Rock-San Marcos, TX Metro Area","","","","","","","","","","","","",""
"    Estimate","9,503","93,951","120,920","23,004","138,468","64,195","46,362","103,880","271,938","262,122","112,091","60,846","74,735"
"Bakersfield-Delano, CA Metro Area","","","","","","","","","","","","",""
"    Estimate","45,747","26,922","22,836","7,005","41,388","33,788","4,531","11,522","31,256","81,499","35,834","16,034","21,531"
"Baltimore-Columbia-Towson, MD Metro Area","","","","","","","","","","","","",""
"    Estimate","4,877","86,321","73,651","24,588","132,958","79,049","23,884","84,763","233,119","383,545","115,890","68,962","143,763"
"Bangor, ME Metro Area","","","","","","","","","","","","",""
"    Estimate","1,501","5,759","3,618","1,166","11,732","3,570","1,119","3,002","5,694","24,733","6,307","3,187","3,775"
"Barnstable Town, MA Metro Area","","","","","","","","","","","","",""
"    Estimate","671","11,933","6,190","1,659","12,504","3,942","1,301","7,510","15,146","26,773","14,048","6,466","5,472"
"Baton Rouge, LA Metro Area","","","","","","","","","","","","",""
"    Estimate","4,956","37,690","38,807","7,700","46,642","19,298","6,754","22,032","41,457","100,879","35,404","21,320","22,851"
"Battle Creek, MI Metro Area","","","","","","","","","","","","",""
"    Estimate","1,713","2,348","13,369","631","8,787","2,657","371","2,071","5,051","13,815","5,332","2,381","2,371"
"Bay City, MI Metro Area","","","","","","","","","","","","",""
"    Estimate","245","2,388","7,519","913","6,867","1,679","657","1,681","3,421","12,150","4,137","3,271","1,581"
"Beaumont-Port Arthur, TX Metro Area","","","","","","","","","","","","",""
"    Estimate","2,146","23,971","20,422","3,414","19,328","11,483","1,901","7,916","14,479","35,178","14,567","8,098","7,783"
"Beckley, WV Metro Area","","","","","","","","","","","","",""
"    Estimate","2,943","3,342","2,819","716","5,817","2,271","571","1,405","2,320","12,183","4,529","1,387","2,756"
"Bellingham, WA Metro Area","","","","","","","","","","","","",""
"    Estimate","4,964","7,713","12,455","2,063","13,119","4,661","2,063","6,150","13,590","27,565","11,993","5,573","5,702"
"Bend, OR Metro Area","","","","","","","","","","","","",""
"    Estimate","2,935","9,568","10,723","2,041","13,928","4,857","2,454","8,217","19,847","29,726","13,021","7,463","6,744"
"Billings, MT Metro Area","","","","","","","","","","","","",""
"    Estimate","4,257","7,849","5,351","2,562","9,915","5,804","1,047","7,067","10,433","22,691","9,834","5,981","4,880"
"Binghamton, NY Metro Area","","","","","","","","","","","","",""
"    Estimate","734","6,145","12,145","2,530","13,158","4,790","1,346","4,923","9,916","34,133","9,656","5,100","4,915"
"Birmingham, AL Metro Area","","","","","","","","","","","","",""
"    Estimate","4,499","41,506","53,636","13,267","62,312","42,081","8,992","41,621","55,971","134,772","45,802","29,047","23,968"
"Bismarck, ND Metro Area","","","","","","","","","","","","",""
"    Estimate","2,981","3,814","3,482","1,825","8,349","6,259","1,351","4,511","5,936","17,235","5,355","2,762","7,440"
"Blacksburg-Christiansburg-Radford, VA Metro Area","","","","","","","","","","","","",""
"    Estimate","669","4,149","11,794","940","8,632","2,552","1,158","2,781","6,916","28,390","9,240","3,770","2,835"
"Bloomington, IL Metro Area","","","","","","","","","","","","",""
"    Estimate","1,937","3,467","10,124","1,016","7,971","3,390","576","14,631","9,255","22,797","8,626","3,493","1,997"
"Bloomington, IN Metro Area","","","","","","","","","","","","",""
"    Estimate","505","4,727","9,751","1,325","6,226","2,450","1,468","2,522","5,808","30,256","7,016","3,537","4,637"
"Boise City, ID Metro Area","","","","","","","","","","","","",""
"    Estimate","6,729","42,629","43,406","8,964","47,524","18,958","7,078","24,989","49,778","91,245","35,537","19,802","19,651"
"Boston-Cambridge-Newton, MA-NH Metro Area","","","","","","","","","","","","",""
"    Estimate","7,924","162,403","231,735","39,276","240,353","103,416","58,022","221,052","480,903","739,146","213,634","116,186","101,741"
"Boulder, CO Metro Area","","","","","","","","","","","","",""
"    Estimate","1,509","8,156","18,961","1,808","19,259","4,246","5,997","6,219","38,507","42,915","17,849","8,317","4,720"
"Bowling Green, KY Metro Area","","","","","","","","","","","","",""
"    Estimate","1,529","7,008","15,562","1,368","14,089","3,998","937","5,428","6,354","22,912","10,556","3,734","2,194"
"Bozeman, MT Metro Area","","","","","","","","","","","","",""
"    Estimate","1,916","9,861","2,766","1,661","9,848","2,844","1,262","5,236","9,819","15,757","8,091","3,811","2,685"
"Bremerton-Silverdale-Port Orchard, WA Metro Area","","","","","","","","","","","","",""
"    Estimate","1,036","8,611","12,356","1,765","13,954","6,788","2,227","5,116","14,764","27,170","11,429","7,502","14,113"
"Bridgeport-Stamford-Danbury, CT Metro Area","","","","","","","","","","","","",""
"    Estimate","1,429","33,633","42,512","9,664","48,574","17,266","14,138","54,916","85,024","120,325","38,921","24,339","9,820"
"Brownsville-Harlingen, TX Metro Area","","","","","","","","","","","","",""
"    Estimate","3,469","13,410","12,332","3,906","18,945","7,772","3,181","10,118","16,389","57,819","14,973","9,195","10,380"
"Brunswick-St. Simons, GA Metro Area","","","","","","","","","","","","",""
"    Estimate","794","3,571","4,094","737","6,858","2,686","1,148","2,193","6,876","10,410","4,243","1,907","3,384"
"Buffalo-Cheektowaga, NY Metro Area","","","","","","","","","","","","",""
"    Estimate","2,199","31,328","63,792","11,004","58,209","31,371","7,942","45,466","60,098","160,503","46,656","25,871","26,593"
"Burlington, NC Metro Area","","","","","","","","","","","","",""
"    Estimate","208","6,376","12,257","2,121","11,926","3,386","523","5,485","8,119","26,502","7,511","3,459","1,978"
"Burlington-South Burlington, VT Metro Area","","","","","","","","","","","","",""
"    Estimate","2,402","9,872","14,922","2,001","13,157","4,405","2,346","6,313","16,257","37,886","11,064","3,797","6,312"
"Canton-Massillon, OH Metro Area","","","","","","","","","","","","",""
"    Estimate","2,105","11,755","32,352","4,456","23,275","11,050","1,689","9,186","17,805","47,612","15,218","9,896","6,056"
"Cape Coral-Fort Myers, FL Metro Area","","","","","","","","","","","","",""
"    Estimate","2,674","46,669","16,173","6,425","50,435","24,175","4,931","26,354","47,188","71,445","37,608","15,356","12,244"
"Cape Girardeau, MO-IL Metro Area","","","","","","","","","","","","",""
"    Estimate","1,373","2,704","4,956","1,394","5,853","2,187","601","3,486","4,013","14,261","5,237","3,058","1,535"
"Carson City, NV Metro Area","","","","","","","","","","","","",""
"    Estimate","490","2,631","3,731","0","2,427","1,140","397","1,487","3,702","5,383","2,495","1,064","3,635"
"Casper, WY Metro Area","","","","","","","","","","","","",""
"    Estimate","2,757","2,488","2,504","1,756","4,220","2,719","524","1,845","4,071","9,665","2,616","2,307","2,355"
"Cedar Rapids, IA Metro Area","","","","","","","","","","","","",""
"    Estimate","2,700","10,307","24,920","3,223","13,774","8,380","2,421","9,928","13,448","32,196","11,305","5,430","3,934"
"Chambersburg, PA Metro Area","","","","","","","","","","","","",""
"    Estimate","2,210","4,841","10,415","2,247","10,186","4,791","1,059","3,108","6,844","17,199","4,770","3,198","4,845"
"Champaign-Urbana, IL Metro Area","","","","","","","","","","","","",""
"    Estimate","2,689","5,025","9,343","2,599","10,942","4,830","2,085","5,467","9,433","40,784","10,537","4,956","4,079"
"Charleston, WV Metro Area","","","","","","","","","","","","",""
"    Estimate","2,285","5,303","4,646","1,065","10,162","4,189","1,528","4,277","10,007","25,033","6,016","2,837","8,741"
"Charleston-North Charleston, SC Metro Area","","","","","","","","","","","","",""
"    Estimate","1,942","31,738","45,380","7,034","42,702","27,643","5,969","32,065","69,018","89,545","41,557","19,600","21,181"
"Charlotte-Concord-Gastonia, NC-SC Metro Area","","","","","","","","","","","","",""
"    Estimate","8,629","103,226","153,247","33,892","161,963","103,692","27,309","167,236","204,355","279,005","114,717","72,467","41,337"
"Charlottesville, VA Metro Area","","","","","","","","","","","","",""
"    Estimate","1,259","6,850","4,561","1,248","12,925","3,301","2,280","5,983","17,124","36,503","8,537","5,106","6,099"
"Chattanooga, TN-GA Metro Area","","","","","","","","","","","","",""
"    Estimate","1,266","23,176","38,177","6,287","34,761","22,594","4,215","18,999","28,313","60,630","22,976","13,870","7,397"
"Cheyenne, WY Metro Area","","","","","","","","","","","","",""
"    Estimate","1,256","4,105","2,258","306","6,094","3,559","753","3,290","4,090","10,506","3,723","1,758","5,167"
"Chicago-Naperville-Elgin, IL-IN Metro Area","","","","","","","","","","","","",""
"    Estimate","16,573","249,631","542,642","119,059","465,891","351,165","85,592","374,153","700,721","1,096,364","411,668","224,550","153,835"
"Chico, CA Metro Area","","","","","","","","","","","","",""
"    Estimate","3,562","4,021","5,984","2,279","9,069","4,502","1,638","5,489","9,674","27,710","10,545","6,090","3,909"
"Cincinnati, OH-KY-IN Metro Area","","","","","","","","","","","","",""
"    Estimate","6,907","64,993","158,509","21,006","132,608","69,067","14,057","85,456","145,235","266,775","96,642","52,446","39,323"
"Clarksville, TN-KY Metro Area","","","","","","","","","","","","",""
"    Estimate","1,097","9,929","16,406","1,210","14,000","9,463","3,021","5,095","12,041","33,563","13,018","5,638","9,161"
"Cleveland, OH Metro Area","","","","","","","","","","","","",""
"    Estimate","4,546","63,187","145,624","25,028","113,313","56,603","14,655","78,235","124,359","273,952","90,095","45,341","42,566"
"Cleveland, TN Metro Area","","","","","","","","","","","","",""
"    Estimate","864","3,082","11,508","1,725","6,459","3,772","1,161","1,979","6,935","11,084","4,725","4,574","1,893"
"Coeur d'Alene, ID Metro Area","","","","","","","","","","","","",""
"    Estimate","1,328","9,737","5,850","1,442","11,334","5,657","1,102","6,911","9,100","18,081","8,076","3,478","3,494"
"College Station-Bryan, TX Metro Area","","","","","","","","","","","","",""
"    Estimate","3,070","10,046","7,994","1,609","15,102","7,932","2,280","7,841","14,125","41,586","14,311","5,726","5,183"
"Colorado Springs, CO Metro Area","","","","","","","","","","","","",""
"    Estimate","2,996","26,243","21,769","3,426","40,352","16,471","9,725","27,401","56,669","88,739","33,422","21,363","24,285"
"Columbia, MO Metro Area","","","","","","","","","","","","",""
"    Estimate","2,120","7,215","6,925","1,351","12,166","3,909","1,604","8,701","9,614","37,897","10,823","5,563","5,754"
"Columbia, SC Metro Area","","","","","","","","","","","","",""
"    Estimate","4,428","26,928","36,653","8,773","44,688","23,598","6,225","30,099","45,792","100,246","29,802","23,716","28,655"
"Columbus, GA-AL Metro Area","","","","","","","","","","","","",""
"    Estimate","978","7,824","13,142","2,414","12,018","7,814","1,893","14,816","12,525","29,513","13,663","4,437","9,711"
"Columbus, IN Metro Area","","","","","","","","","","","","",""
"    Estimate","230","2,291","11,915","703","4,040","2,382","0","1,681","4,292","8,622","3,474","2,147","1,470"
"Columbus, OH Metro Area","","","","","","","","","","","","",""
"    Estimate","6,407","63,993","100,832","22,494","127,647","81,361","19,958","105,674","137,690","277,483","90,050","46,974","51,501"
"Corpus Christi, TX Metro Area","","","","","","","","","","","","",""
"    Estimate","6,829","19,504","17,009","3,346","23,330","11,836","1,847","11,669","18,182","52,734","21,329","10,927","11,208"
"Corvallis, OR Metro Area","","","","","","","","","","","","",""
"    Estimate","1,098","1,502","4,090","506","5,279","1,982","698","1,620","5,727","18,316","4,420","1,589","2,519"
"Crestview-Fort Walton Beach-Destin, FL Metro Area","","","","","","","","","","","","",""
"    Estimate","937","12,236","5,948","2,630","15,189","6,280","521","8,716","22,599","26,031","17,273","5,843","9,644"
"Dallas-Fort Worth-Arlington, TX Metro Area","","","","","","","","","","","","",""
"    Estimate","32,212","341,938","387,019","97,818","463,448","316,082","91,073","408,242","616,367","838,167","333,268","198,689","113,881"
"Dalton, GA Metro Area","","","","","","","","","","","","",""
"    Estimate","878","6,673","18,721","1,959","8,550","3,853","691","2,155","4,816","13,005","4,613","2,675","2,347"
"Daphne-Fairhope-Foley, AL Metro Area","","","","","","","","","","","","",""
"    Estimate","1,418","9,091","15,974","2,852","15,353","6,270","777","9,817","13,980","19,193","9,611","6,020","5,230"
"Davenport-Moline-Rock Island, IA-IL Metro Area","","","","","","","","","","","","",""
"    Estimate","2,103","12,454","33,867","3,793","18,177","12,064","2,084","10,150","15,219","47,502","14,021","7,727","9,184"
"Dayton-Kettering-Beavercreek, OH Metro Area","","","","","","","","","","","","",""
"    Estimate","1,093","19,458","54,041","7,277","38,425","25,699","4,936","21,649","43,193","94,838","35,203","19,570","26,915"
"Decatur, AL Metro Area","","","","","","","","","","","","",""
"    Estimate","1,463","5,107","16,536","1,350","9,683","4,728","1,618","2,410","8,884","13,739","4,281","2,833","2,352"
"Decatur, IL Metro Area","","","","","","","","","","","","",""
"    Estimate","869","2,787","7,872","1,065","4,930","2,954","461","1,998","3,649","10,729","3,199","3,040","1,144"
"Deltona-Daytona Beach-Ormond Beach, FL Metro Area","","","","","","","","","","","","",""
"    Estimate","1,155","27,300","19,994","9,218","38,108","18,124","4,878","26,503","43,252","71,539","32,191","14,437","12,836"
"Denver-Aurora-Centennial, CO Metro Area","","","","","","","","","","","","",""
"    Estimate","19,029","128,660","111,346","38,606","162,980","91,923","54,050","136,285","307,215","345,613","157,546","80,692","72,686"
"Des Moines-West Des Moines, IA Metro Area","","","","","","","","","","","","",""
"    Estimate","5,614","31,601","38,930","11,745","41,754","21,134","6,331","53,528","40,902","83,452","31,251","19,097","13,612"
"Detroit-Warren-Dearborn, MI Metro Area","","","","","","","","","","","","",""
"    Estimate","8,921","114,819","414,437","36,981","219,412","103,734","27,856","137,305","255,536","449,395","179,339","93,090","67,965"
"Dothan, AL Metro Area","","","","","","","","","","","","",""
"    Estimate","1,826","4,659","7,976","2,350","9,119","5,439","677","2,499","3,897","16,116","5,578","3,844","4,147"
"Dover, DE Metro Area","","","","","","","","","","","","",""
"    Estimate","780","6,564","8,132","1,760","11,476","5,781","678","6,073","6,198","22,485","7,970","3,286","10,797"
"Dubuque, IA Metro Area","","","","","","","","","","","","",""
"    Estimate","1,230","1,786","8,772","1,289","6,273","2,633","1,066","4,807","3,769","13,614","3,282","2,377","1,041"
"Duluth, MN-WI Metro Area","","","","","","","","","","","","",""
"    Estimate","4,223","9,296","11,857","2,746","16,265","9,958","1,732","7,318","10,940","42,075","14,266","6,029","7,240"
"Durham-Chapel Hill, NC Metro Area","","","","","","","","","","","","",""
"    Estimate","1,190","18,617","31,896","3,847","28,936","8,751","5,271","16,306","56,113","102,164","22,547","16,705","11,983"
"Eagle Pass, TX Metro Area","","","","","","","","","","","","",""
"    Estimate","1,774","1,460","1,550","720","3,022","1,915","128","766","839","4,266","1,719","1,082","2,051"
"Eau Claire, WI Metro Area","","","","","","","","","","","","",""
"    Estimate","968","5,111","14,224","1,553","12,626","5,402","1,383","5,254","6,591","24,167","6,467","4,409","3,580"
"El Centro, CA Metro Area","","","","","","","","","","","","",""
"    Estimate","6,992","4,056","3,000","950","8,059","5,188","394","1,968","5,198","16,452","4,838","2,839","4,925"
"Elizabethtown, KY Metro Area","","","","","","","","","","","","",""
"    Estimate","325","3,715","10,455","1,401","6,278","5,200","627","2,402","5,904","10,972","5,825","3,136","3,651"
"Elkhart-Goshen, IN Metro Area","","","","","","","","","","","","",""
"    Estimate","1,431","6,282","35,007","1,603","9,356","3,188","1,341","4,010","6,082","18,491","6,979","4,785","1,807"
"Elmira, NY Metro Area","","","","","","","","","","","","",""
"    Estimate","245","2,002","4,933","325","4,026","1,659","576","1,468","2,792","11,707","3,504","1,737","2,547"
"El Paso, TX Metro Area","","","","","","","","","","","","",""
"    Estimate","3,989","32,177","20,597","8,031","43,588","31,490","7,324","19,157","43,987","95,245","40,219","17,537","26,215"
"Enid, OK Metro Area","","","","","","","","","","","","",""
"    Estimate","1,116","3,011","2,325","958","4,603","1,828","172","895","1,768","6,226","2,517","1,646","1,535"
"Erie, PA Metro Area","","","","","","","","","","","","",""
"    Estimate","923","4,783","18,108","2,952","12,128","5,942","1,202","8,915","9,371","39,027","10,247","6,063","3,913"
"Eugene-Springfield, OR Metro Area","","","","","","","","","","","","",""
"    Estimate","5,247","11,419","17,045","3,474","21,528","6,223","2,434","8,680","21,336","51,379","15,694","9,565","8,655"
"Evansville, IN Metro Area","","","","","","","","","","","","",""
"    Estimate","1,346","6,984","23,592","2,532","14,901","7,485","1,732","8,231","14,309","30,205","12,234","5,540","3,361"
"Fairbanks-College, AK Metro Area","","","","","","","","","","","","",""
"    Estimate","1,858","2,900","1,484","554","5,224","3,009","476","1,220","4,275","11,875","2,924","2,110","3,177"
"Fargo, ND-MN Metro Area","","","","","","","","","","","","",""
"    Estimate","3,315","10,355","12,896","5,489","16,305","5,908","3,125","13,466","14,299","40,802","10,509","6,720","5,465"
"Farmington, NM Metro Area","","","","","","","","","","","","",""
"    Estimate","3,959","3,198","2,430","520","6,965","3,056","868","2,215","2,271","12,686","6,616","2,305","2,803"
"Fayetteville, NC Metro Area","","","","","","","","","","","","",""
"    Estimate","960","9,651","14,119","1,947","19,489","10,688","1,702","5,805","16,404","39,591","13,123","7,140","11,440"
"Fayetteville-Springdale-Rogers, AR Metro Area","","","","","","","","","","","","",""
"    Estimate","2,697","24,250","36,559","6,427","51,047","19,762","3,755","15,500","32,613","62,231","24,300","15,460","5,759"
"Flagstaff, AZ Metro Area","","","","","","","","","","","","",""
"    Estimate","743","4,505","4,774","935","5,422","3,974","1,302","2,957","6,019","21,219","13,286","3,497","2,853"
"Flint, MI Metro Area","","","","","","","","","","","","",""
"    Estimate","887","11,228","30,423","3,307","23,142","8,404","1,341","9,323","16,386","42,776","16,553","9,334","6,764"
"Florence, SC Metro Area","","","","","","","","","","","","",""
"    Estimate","517","5,344","13,667","3,036","8,966","3,398","777","4,675","6,058","23,627","7,745","4,715","3,204"
"Florence-Muscle Shoals, AL Metro Area","","","","","","","","","","","","",""
"    Estimate","449","5,306","10,099","1,615","8,739","4,507","677","2,937","4,411","17,726","8,006","3,052","2,065"
"Fond du Lac, WI Metro Area","","","","","","","","","","","","",""
"    Estimate","2,057","5,280","13,305","1,136","6,760","2,020","201","2,327","3,190","10,156","2,939","1,761","2,598"
"Fort Collins-Loveland, CO Metro Area","","","","","","","","","","","","",""
"    Estimate","3,751","13,306","19,020","2,701","17,085","7,907","3,817","10,878","29,514","50,129","23,447","8,756","8,668"
"Fort Smith, AR-OK Metro Area","","","","","","","","","","","","",""
"    Estimate","1,838","6,774","16,821","2,353","11,941","7,093","1,502","5,248","9,230","21,452","9,404","4,974","4,041"
"Fort Wayne, IN Metro Area","","","","","","","","","","","","",""
"    Estimate","695","14,786","41,167","5,193","27,459","11,525","2,283","15,820","18,255","53,608","16,297","14,279","6,574"
"Fresno, CA Metro Area","","","","","","","","","","","","",""
"    Estimate","35,985","33,055","34,535","10,981","47,421","38,570","5,800","21,196","43,805","138,263","41,522","21,367","29,241"
"Gadsden, AL Metro Area","","","","","","","","","","","","",""
"    Estimate","607","2,771","7,594","1,820","5,150","1,290","461","1,927","2,419","10,264","2,956","2,226","1,712"
"Gainesville, FL Metro Area","","","","","","","","","","","","",""
"    Estimate","2,722","8,808","7,074","2,466","16,965","5,633","821","9,863","18,593","63,412","13,144","8,669","8,655"
"Gainesville, GA Metro Area","","","","","","","","","","","","",""
"    Estimate","881","10,355","15,483","2,906","11,203","5,126","954","4,791","14,497","20,342","8,652","6,295","3,190"
"Gettysburg, PA Metro Area","","","","","","","","","","","","",""
"    Estimate","2,031","4,916","8,003","1,126","5,454","2,726","839","2,636","4,159","11,783","4,683","3,418","3,266"
"Glens Falls, NY Metro Area","","","","","","","","","","","","",""
"    Estimate","760","4,323","6,129","1,026","6,995","3,398","960","2,829","7,003","13,717","5,666","3,715","4,416"
"Goldsboro, NC Metro Area","","","","","","","","","","","","",""
"    Estimate","1,351","3,798","6,925","870","7,249","2,185","411","2,482","3,145","12,224","3,658","2,555","2,431"
"Grand Forks, ND-MN Metro Area","","","","","","","","","","","","",""
"    Estimate","2,130","2,783","4,731","1,147","7,421","3,256","855","1,577","3,589","19,702","3,972","2,696","2,496"
"Grand Island, NE Metro Area","","","","","","","","","","","","",""
"    Estimate","2,791","3,574","7,665","726","3,979","2,178","360","2,337","2,032","7,851","2,643","1,643","952"
"Grand Junction, CO Metro Area","","","","","","","","","","","","",""
"    Estimate","1,684","7,743","4,515","1,563","7,646","4,332","846","3,887","9,175","19,033","7,162","3,094","3,812"
"Grand Rapids-Wyoming-Kentwood, MI Metro Area","","","","","","","","","","","","",""
"    Estimate","9,473","39,125","116,385","17,930","64,392","24,281","7,197","37,132","64,543","136,163","46,129","27,783","15,016"
"Grants Pass, OR Metro Area","","","","","","","","","","","","",""
"    Estimate","1,113","2,459","2,513","502","5,789","1,621","748","2,123","4,635","6,534","1,554","1,493","1,797"
"Great Falls, MT Metro Area","","","","","","","","","","","","",""
"    Estimate","600","2,063","2,983","244","5,013","2,556","95","2,643","2,463","12,420","4,068","2,064","1,888"
"Greeley, CO Metro Area","","","","","","","","","","","","",""
"    Estimate","9,658","18,481","17,389","3,695","18,200","11,232","3,486","9,685","21,503","40,540","14,407","10,798","8,439"
"Green Bay, WI Metro Area","","","","","","","","","","","","",""
"    Estimate","2,899","10,667","35,224","3,906","19,544","11,473","1,680","13,150","14,273","37,888","11,710","7,495","4,889"
"Greensboro-High Point, NC Metro Area","","","","","","","","","","","","",""
"    Estimate","2,619","21,515","59,903","9,463","45,951","25,691","4,912","21,626","37,409","86,855","38,580","17,772","12,347"
"Greenville, NC Metro Area","","","","","","","","","","","","",""
"    Estimate","356","3,941","9,072","1,034","7,630","4,158","1,293","4,536","6,525","26,587","10,973","4,033","2,079"
"Greenville-Anderson-Greer, SC Metro Area","","","","","","","","","","","","",""
"    Estimate","2,457","32,140","88,409","10,274","45,085","25,177","5,811","27,994","61,946","106,837","40,235","25,032","11,602"
"Guayama, PR Metro Area","","","","","","","","","","","","",""
"    Estimate","246","1,121","3,024","121","2,975","658","307","802","2,477","4,224","1,643","1,449","1,283"
"Gulfport-Biloxi, MS Metro Area","","","","","","","","","","","","",""
"    Estimate","2,078","13,825","20,443","3,290","21,302","10,528","1,665","9,703","18,140","42,974","24,863","7,952","11,064"
"Hagerstown-Martinsburg, MD-WV Metro Area","","","","","","","","","","","","",""
"    Estimate","1,444","13,732","12,679","2,421","16,135","11,342","3,707","10,932","16,031","29,383","9,473","6,566","12,206"
"Hammond, LA Metro Area","","","","","","","","","","","","",""
"    Estimate","854","6,083","3,935","1,030","8,020","4,362","961","2,374","5,278","15,946","5,760","2,349","4,377"
"Hanford-Corcoran, CA Metro Area","","","","","","","","","","","","",""
"    Estimate","7,731","3,944","4,471","1,697","4,862","1,943","270","967","2,544","11,386","5,004","2,897","5,915"
"Harrisburg-Carlisle, PA Metro Area","","","","","","","","","","","","",""
"    Estimate","4,353","16,547","24,361","6,645","32,504","21,469","4,987","21,074","36,552","79,370","24,448","13,187","22,670"
"Harrisonburg, VA Metro Area","","","","","","","","","","","","",""
"    Estimate","1,944","5,442","8,502","1,165","7,587","4,032","1,071","2,368","5,010","17,541","7,133","3,537","2,105"
"Hartford-West Hartford-East Hartford, CT Metro Area","","","","","","","","","","","","",""
"    Estimate","2,986","32,888","63,095","10,705","58,104","33,893","9,526","56,093","75,927","163,224","48,307","22,301","26,495"
"Hattiesburg, MS Metro Area","","","","","","","","","","","","",""
"    Estimate","1,580","4,392","6,323","924","8,404","3,721","265","4,591","6,890","21,211","8,617","4,275","2,647"
"Helena, MT Metro Area","","","","","","","","","","","","",""
"    Estimate","1,574","4,707","1,826","563","4,553","1,521","208","3,544","4,655","11,530","3,352","2,181","5,126"
"Hickory-Lenoir-Morganton, NC Metro Area","","","","","","","","","","","","",""
"    Estimate","1,332","9,665","42,371","4,210","19,330","8,894","1,409","7,359","15,299","38,473","14,013","9,675","7,824"
"Hilton Head Island-Bluffton-Port Royal, SC Metro Area","","","","","","","","","","","","",""
"    Estimate","655","11,825","4,802","2,474","14,493","3,646","1,645","7,469","11,499","17,555","12,531","3,601","4,028"
"Hinesville, GA Metro Area","","","","","","","","","","","","",""
"    Estimate","476","1,518","2,358","567","3,846","3,063","108","1,185","3,141","7,205","4,264","1,397","2,695"
"Homosassa Springs, FL Metro Area","","","","","","","","","","","","",""
"    Estimate","759","3,717","3,931","1,433","8,833","3,479","857","3,988","5,369","11,409","7,314","2,751","1,464"
"Hot Springs, AR Metro Area","","","","","","","","","","","","",""
"    Estimate","341","2,523","3,824","1,047","6,131","1,754","928","1,641","4,017","10,538","4,684","3,049","1,387"
"Houma-Bayou Cane-Thibodaux, LA Metro Area","","","","","","","","","","","","",""
"    Estimate","4,458","10,414","6,980","1,540","9,508","8,647","1,259","3,911","5,726","18,498","8,007","4,879","3,482"
"Houston-Pasadena-The Woodlands, TX Metro Area","","","","","","","","","","","","",""
"    Estimate","83,151","335,944","345,313","97,479","376,342","272,055","39,097","224,282","526,255","797,507","307,345","185,412","105,234"
"Huntington-Ashland, WV-KY-OH Metro Area","","","","","","","","","","","","",""
"    Estimate","1,166","10,643","13,713","3,115","17,971","12,148","2,030","7,519","11,554","51,550","10,474","7,494","10,572"
"Huntsville, AL Metro Area","","","","","","","","","","","","",""
"    Estimate","627","15,677","42,420","3,535","24,344","7,413","3,258","11,194","54,967","48,974","17,928","13,648","21,826"
"Idaho Falls, ID Metro Area","","","","","","","","","","","","",""
"    Estimate","2,054","7,371","5,894","2,482","8,971","5,044","1,213","4,129","10,479","15,255","7,305","4,292","3,953"
"Indianapolis-Carmel-Greenwood, IN Metro Area","","","","","","","","","","","","",""
"    Estimate","7,448","69,300","133,190","27,330","117,195","75,458","15,702","79,527","141,812","266,334","84,510","50,077","45,954"
"Iowa City, IA Metro Area","","","","","","","","","","","","",""
"    Estimate","1,571","4,457","8,044","1,638","10,984","4,057","1,240","4,724","7,741","39,312","8,492","3,270","3,548"
"Ithaca, NY Metro Area","","","","","","","","","","","","",""
"    Estimate","347","877","2,646","840","3,233","1,035","1,045","1,552","7,598","24,489","4,792","1,946","1,671"
"Jackson, MI Metro Area","","","","","","","","","","","","",""
"    Estimate","571","3,936","12,757","1,426","7,059","5,104","772","2,716","4,958","17,748","4,929","3,612","3,502"
"Jackson, MS Metro Area","","","","","","","","","","","","",""
"    Estimate","3,763","13,943","26,037","6,620","33,422","18,268","5,189","16,898","25,358","72,201","25,516","17,643","16,679"
"Jackson, TN Metro Area","","","","","","","","","","","","",""
"    Estimate","389","4,411","14,767","1,909","9,182","5,962","1,216","3,121","8,649","17,591","6,891","4,027","3,423"
"Jacksonville, FL Metro Area","","","","","","","","","","","","",""
"    Estimate","2,981","60,488","45,171","15,740","102,179","53,239","12,615","95,366","113,006","167,818","75,501","40,006","39,276"
"Jacksonville, NC Metro Area","","","","","","","","","","","","",""
"    Estimate","611","5,638","4,642","583","11,335","5,052","729","4,223","7,442","14,749","8,403","4,527","7,025"
"Janesville-Beloit, WI Metro Area","","","","","","","","","","","","",""
"    Estimate","1,422","6,286","15,609","2,827","10,209","3,971","716","3,243","8,220","18,493","4,232","4,435","3,942"
"Jefferson City, MO Metro Area","","","","","","","","","","","","",""
"    Estimate","862","6,318","7,031","1,101","7,261","3,747","971","4,284","6,012","16,257","3,520","3,552","10,592"
"Johnson City, TN Metro Area","","","","","","","","","","","","",""
"    Estimate","1,363","7,037","12,574","1,409","10,813","6,150","1,403","6,041","10,317","23,067","8,059","3,058","4,590"
"Johnstown, PA Metro Area","","","","","","","","","","","","",""
"    Estimate","1,094","3,451","5,947","994","7,311","4,052","619","2,715","4,136","17,488","4,134","3,102","3,941"
"Jonesboro, AR Metro Area","","","","","","","","","","","","",""
"    Estimate","534","5,400","7,478","718","8,058","2,843","675","4,538","4,438","18,691","6,184","1,671","1,772"
"Joplin, MO-KS Metro Area","","","","","","","","","","","","",""
"    Estimate","1,499","5,589","18,263","2,008","11,649","5,890","1,601","4,760","7,594","21,765","10,047","4,174","2,291"
"Kahului-Wailuku, HI Metro Area","","","","","","","","","","","","",""
"    Estimate","844","6,650","1,925","986","9,321","4,977","739","5,276","10,516","14,563","16,908","3,982","4,895"
"Kalamazoo-Portage, MI Metro Area","","","","","","","","","","","","",""
"    Estimate","1,295","6,219","24,512","1,410","15,637","4,561","1,116","7,794","16,261","33,159","13,884","6,395","5,106"
"Kankakee, IL Metro Area","","","","","","","","","","","","",""
"    Estimate","644","3,206","7,438","1,365","5,990","4,581","495","2,415","3,220","13,519","4,507","2,371","1,067"
"Kansas City, MO-KS Metro Area","","","","","","","","","","","","",""
"    Estimate","10,346","78,109","106,709","30,744","124,772","74,526","23,744","103,119","160,502","264,403","87,124","48,782","51,474"
"Kennewick-Richland, WA Metro Area","","","","","","","","","","","","",""
"    Estimate","8,918","12,292","11,218","2,271","17,083","7,079","1,514","5,321","22,065","29,371","11,793","5,543","5,943"
"Kenosha, WI Metro Area","","","","","","","","","","","","",""
"    Estimate","526","4,041","16,621","3,371","12,483","7,370","785","3,826","8,210","17,445","8,176","2,630","4,061"
"Killeen-Temple, TX Metro Area","","","","","","","","","","","","",""
"    Estimate","2,084","17,819","14,311","3,053","25,868","13,324","2,325","12,576","20,677","47,140","19,491","9,679","16,156"
"Kingsport-Bristol, TN-VA Metro Area","","","","","","","","","","","","",""
"    Estimate","1,385","8,317","17,032","2,824","18,809","7,653","1,405","8,616","10,996","32,228","13,542","6,741","5,452"
"Kingston, NY Metro Area","","","","","","","","","","","","",""
"    Estimate","2,411","6,630","4,760","1,865","9,501","3,915","2,605","3,985","9,906","25,574","8,918","4,511","3,421"
"Kiryas Joel-Poughkeepsie-Newburgh, NY Metro Area","","","","","","","","","","","","",""
"    Estimate","2,333","22,497","22,687","7,886","41,293","19,695","8,658","19,943","37,827","98,443","25,270","16,262","18,975"
"Knoxville, TN Metro Area","","","","","","","","","","","","",""
"    Estimate","3,687","36,322","43,787","10,063","53,182","29,638","6,832","28,306","59,638","101,160","44,668","24,272","19,002"
"Kokomo, IN Metro Area","","","","","","","","","","","","",""
"    Estimate","286","2,544","8,714","589","4,460","2,393","385","1,425","2,361","8,357","2,527","2,555","1,166"
"La Crosse-Onalaska, WI-MN Metro Area","","","","","","","","","","","","",""
"    Estimate","2,473","5,633","10,226","2,276","11,309","5,953","865","4,888","6,335","26,105","7,180","3,228","3,371"
"Lafayette, LA Metro Area","","","","","","","","","","","","",""
"    Estimate","13,863","17,067","11,699","4,207","23,614","9,608","2,411","10,318","21,084","45,487","19,987","10,231","5,656"
"Lafayette-West Lafayette, IN Metro Area","","","","","","","","","","","","",""
"    Estimate","1,740","5,154","20,889","1,338","9,363","3,768","1,566","5,133","10,024","39,704","11,537","3,947","3,218"
"Lake Charles, LA Metro Area","","","","","","","","","","","","",""
"    Estimate","2,861","8,574","10,224","934","12,092","8,831","1,307","4,250","9,384","28,059","11,648","4,630","5,921"
"Lake Havasu City-Kingman, AZ Metro Area","","","","","","","","","","","","",""
"    Estimate","2,066","7,606","5,914","648","11,907","3,167","151","4,452","7,123","16,932","9,546","4,302","3,021"
"Lakeland-Winter Haven, FL Metro Area","","","","","","","","","","","","",""
"    Estimate","6,354","28,886","21,973","8,093","45,948","30,252","5,706","30,804","42,285","72,819","50,071","19,744","12,683"
"Lancaster, PA Metro Area","","","","","","","","","","","","",""
"    Estimate","6,261","21,583","38,392","9,378","32,541","16,812","3,898","14,178","29,439","64,897","25,927","14,109","6,326"
"Lansing-East Lansing, MI Metro Area","","","","","","","","","","","","",""
"    Estimate","2,542","12,243","26,236","4,088","26,212","12,082","2,710","19,601","23,565","62,994","18,870","10,353","18,564"
"Laredo, TX Metro Area","","","","","","","","","","","","",""
"    Estimate","3,581","5,668","3,339","3,436","13,964","20,872","909","5,330","12,029","25,614","10,030","5,506","6,320"
"Las Cruces, NM Metro Area","","","","","","","","","","","","",""
"    Estimate","3,245","6,336","5,874","1,665","9,105","3,426","823","4,232","11,018","28,755","10,937","4,975","9,103"
"Las Vegas-Henderson-North Las Vegas, NV Metro Area","","","","","","","","","","","","",""
"    Estimate","5,074","87,027","43,945","20,012","124,259","98,637","19,595","69,380","148,860","183,006","254,841","46,359","40,928"
"Lawrence, KS Metro Area","","","","","","","","","","","","",""
"    Estimate","386","2,874","4,306","837","8,047","2,765","1,587","4,063","9,234","19,829","5,635","3,199","1,954"
"Lawton, OK Metro Area","","","","","","","","","","","","",""
"    Estimate","981","2,987","3,892","637","6,410","1,753","717","1,802","4,115","11,215","4,946","1,567","4,745"
"Lebanon, PA Metro Area","","","","","","","","","","","","",""
"    Estimate","1,680","5,422","7,800","1,930","8,083","6,884","1,344","3,153","5,720","17,987","5,336","4,122","4,004"
"Lewiston, ID-WA Metro Area","","","","","","","","","","","","",""
"    Estimate","845","1,801","5,184","164","3,411","639","607","1,295","1,834","8,040","2,683","921","1,646"
"Lewiston-Auburn, ME Metro Area","","","","","","","","","","","","",""
"    Estimate","1,026","3,644","6,622","907","10,077","2,125","860","3,985","5,101","14,121","4,183","2,708","1,281"
"Lexington-Fayette, KY Metro Area","","","","","","","","","","","","",""
"    Estimate","6,081","15,338","29,687","5,145","31,107","12,924","3,315","14,168","29,098","78,951","21,492","13,073","9,129"
"Lexington Park, MD Metro Area","","","","","","","","","","","","",""
"    Estimate","569","10,539","4,147","1,010","9,318","5,564","864","3,823","18,262","19,400","8,454","5,220","21,566"
"Lima, OH Metro Area","","","","","","","","","","","","",""
"    Estimate","724","2,525","10,715","944","5,319","1,926","702","1,402","3,557","11,635","4,585","2,808","1,056"
"Lincoln, NE Metro Area","","","","","","","","","","","","",""
"    Estimate","3,339","10,146","19,507","3,449","17,078","8,188","2,870","13,408","19,450","50,352","16,248","9,704","10,560"
"Little Rock-North Little Rock-Conway, AR Metro Area","","","","","","","","","","","","",""
"    Estimate","3,434","25,617","28,130","5,874","48,131","22,795","5,740","28,439","36,495","93,284","24,155","17,295","20,801"
"Logan, UT-ID Metro Area","","","","","","","","","","","","",""
"    Estimate","2,344","5,348","13,354","1,090","9,122","2,695","673","3,218","10,363","19,050","7,776","2,502","2,316"
"Longview, TX Metro Area","","","","","","","","","","","","",""
"    Estimate","5,879","8,582","15,987","5,102","14,590","10,077","1,628","7,975","10,998","32,451","10,922","6,174","4,137"
"Longview-Kelso, WA Metro Area","","","","","","","","","","","","",""
"    Estimate","713","4,961","5,257","1,186","5,049","4,627","875","1,532","3,781","10,823","5,323","2,759","2,289"
"Los Angeles-Long Beach-Anaheim, CA Metro Area","","","","","","","","","","","","",""
"    Estimate","31,976","404,829","597,576","170,394","635,601","405,795","253,730","386,262","935,482","1,413,991","701,776","335,088","224,263"
"Louisville/Jefferson County, KY-IN Metro Area","","","","","","","","","","","","",""
"    Estimate","4,591","38,260","99,435","12,979","67,909","52,320","7,477","50,334","66,479","153,973","58,740","33,446","24,275"
"Lubbock, TX Metro Area","","","","","","","","","","","","",""
"    Estimate","7,001","12,120","9,371","4,634","23,644","11,124","2,984","8,947","15,498","50,926","17,952","10,297","6,358"
"Lynchburg, VA Metro Area","","","","","","","","","","","","",""
"    Estimate","947","10,269","14,880","1,200","14,285","6,061","1,293","6,853","11,556","36,929","11,034","6,623","4,297"
"Macon-Bibb County, GA Metro Area","","","","","","","","","","","","",""
"    Estimate","1,164","5,553","9,641","2,167","11,600","7,763","624","7,060","7,343","25,552","8,263","6,004","7,425"
"Madison, WI Metro Area","","","","","","","","","","","","",""
"    Estimate","4,865","21,644","39,529","5,054","37,622","10,737","8,104","24,251","66,838","109,169","26,991","17,459","18,279"
"Manchester-Nashua, NH Metro Area","","","","","","","","","","","","",""
"    Estimate","411","19,926","33,112","4,995","27,087","11,551","4,490","18,181","37,562","57,195","16,278","9,282","6,163"
"Manhattan, KS Metro Area","","","","","","","","","","","","",""
"    Estimate","1,780","4,238","2,720","642","5,013","2,038","1,281","3,433","4,799","19,531","5,399","2,207","4,888"
"Mankato, MN Metro Area","","","","","","","","","","","","",""
"    Estimate","1,857","2,648","7,627","469","8,612","2,365","775","1,845","4,076","16,900","3,969","1,909","2,123"
"Mansfield, OH Metro Area","","","","","","","","","","","","",""
"    Estimate","617","2,959","10,261","1,394","6,404","2,700","554","2,111","4,258","14,699","3,377","1,835","2,391"
"Mayagüez, PR Metro Area","","","","","","","","","","","","",""
"    Estimate","628","4,381","9,151","446","8,989","2,208","502","2,822","5,283","16,622","6,953","2,898","3,689"
"McAllen-Edinburg-Mission, TX Metro Area","","","","","","","","","","","","",""
"    Estimate","11,390","32,831","19,864","11,500","43,789","26,345","5,065","15,644","35,816","95,149","36,076","20,948","16,809"
"Medford, OR Metro Area","","","","","","","","","","","","",""
"    Estimate","2,111","5,678","7,704","2,192","11,742","5,701","1,277","5,320","9,249","28,905","11,811","4,500","3,442"
"Memphis, TN-MS-AR Metro Area","","","","","","","","","","","","",""
"    Estimate","3,108","34,394","61,529","15,376","64,198","88,828","6,562","34,628","65,106","140,912","53,385","28,008","36,795"
"Merced, CA Metro Area","","","","","","","","","","","","",""
"    Estimate","12,847","9,222","11,825","3,675","11,525","6,685","831","4,049","8,656","27,785","12,047","6,236","5,387"
"Miami-Fort Lauderdale-West Palm Beach, FL Metro Area","","","","","","","","","","","","",""
"    Estimate","18,510","251,185","146,069","87,710","338,239","252,476","49,556","274,326","475,281","644,329","328,939","176,354","101,693"
"Michigan City-La Porte, IN Metro Area","","","","","","","","","","","","",""
"    Estimate","489","3,482","10,669","459","4,402","2,969","390","1,896","3,381","10,997","4,727","2,922","2,114"
"Midland, MI Metro Area","","","","","","","","","","","","",""
"    Estimate","728","2,792","5,672","482","4,866","1,161","393","1,603","5,043","9,628","2,973","2,127","2,148"
"Midland, TX Metro Area","","","","","","","","","","","","",""
"    Estimate","20,814","4,553","4,372","3,361","9,831","6,202","437","3,207","7,100","19,561","4,437","5,265","2,605"
"Milwaukee-Waukesha, WI Metro Area","","","","","","","","","","","","",""
"    Estimate","6,191","42,576","140,398","18,106","86,366","36,389","9,493","59,910","93,864","196,072","58,339","33,403","23,429"
"Minneapolis-St. Paul-Bloomington, MN-WI Metro Area","","","","","","","","","","","","",""
"    Estimate","17,460","122,584","280,684","51,688","206,448","97,370","33,282","164,196","254,938","495,853","150,269","88,460","71,529"
"Minot, ND Metro Area","","","","","","","","","","","","",""
"    Estimate","2,475","2,109","1,972","1,353","2,745","2,970","343","2,141","953","9,425","3,131","2,675","2,400"
"Missoula, MT Metro Area","","","","","","","","","","","","",""
"    Estimate","2,156","5,023","3,425","1,138","6,761","4,303","1,266","3,967","9,543","19,689","7,269","3,569","2,841"
"Mobile, AL Metro Area","","","","","","","","","","","","",""
"    Estimate","1,383","13,856","24,174","4,955","23,550","10,680","2,368","8,483","19,145","44,380","16,003","9,696","7,621"
"Modesto, CA Metro Area","","","","","","","","","","","","",""
"    Estimate","10,977","22,589","29,967","5,708","32,635","17,167","3,004","8,421","21,141","55,349","20,261","12,979","8,956"
"Monroe, LA Metro Area","","","","","","","","","","","","",""
"    Estimate","2,509","5,924","9,435","2,814","8,862","4,533","2,894","5,834","8,887","24,031","8,391","4,496","5,049"
"Monroe, MI Metro Area","","","","","","","","","","","","",""
"    Estimate","730","6,591","13,451","1,402","8,459","4,806","984","2,322","5,791","19,084","5,752","2,043","3,202"
"Montgomery, AL Metro Area","","","","","","","","","","","","",""
"    Estimate","935","8,955","21,410","3,516","19,089","11,862","1,918","9,795","17,388","34,428","14,601","8,472","16,317"
"Morgantown, WV Metro Area","","","","","","","","","","","","",""
"    Estimate","2,352","3,741","3,216","551","8,486","3,692","677","2,205","5,726","25,186","7,563","3,375","3,457"
"Morristown, TN Metro Area","","","","","","","","","","","","",""
"    Estimate","781","5,060","11,399","910","7,194","4,081","1,218","1,509","4,886","10,800","4,823","3,238","2,159"
"Mount Vernon-Anacortes, WA Metro Area","","","","","","","","","","","","",""
"    Estimate","2,524","6,086","6,806","1,385","7,103","3,626","574","2,761","5,505","13,471","4,527","3,280","2,981"
"Muncie, IN Metro Area","","","","","","","","","","","","",""
"    Estimate","439","3,445","6,583","637","6,509","3,102","703","1,933","4,508","16,515","6,306","3,357","1,664"
"Muskegon-Norton Shores, MI Metro Area","","","","","","","","","","","","",""
"    Estimate","1,515","5,034","19,011","1,530","9,977","2,484","695","2,502","7,123","17,403","7,079","3,910","2,345"
"Myrtle Beach-Conway-North Myrtle Beach, SC Metro Area","","","","","","","","","","","","",""
"    Estimate","1,998","17,073","10,495","2,523","24,032","6,218","2,891","12,412","18,735","34,001","26,635","9,849","6,544"
"Napa, CA Metro Area","","","","","","","","","","","","",""
"    Estimate","2,920","4,244","9,339","1,515","6,220","2,548","769","2,950","8,897","15,392","8,630","3,025","3,717"
"Naples-Marco Island, FL Metro Area","","","","","","","","","","","","",""
"    Estimate","4,593","17,114","8,438","2,939","19,530","7,078","2,640","16,230","24,945","31,443","24,265","9,170","4,481"
"Nashville-Davidson--Murfreesboro--Franklin, TN Metro Area","","","","","","","","","","","","",""
"    Estimate","6,771","79,289","115,716","26,326","119,123","69,068","28,328","77,477","149,431","267,522","104,104","55,106","41,342"
"New Haven, CT Metro Area","","","","","","","","","","","","",""
"    Estimate","385","16,614","27,994","3,819","27,619","15,268","5,936","17,482","30,538","110,011","21,860","11,834","7,978"
"New Orleans-Metairie, LA Metro Area","","","","","","","","","","","","",""
"    Estimate","3,332","35,618","26,184","10,402","41,622","32,497","5,660","24,902","58,288","114,507","54,035","22,677","24,026"
"New York-Newark-Jersey City, NY-NJ Metro Area","","","","","","","","","","","","",""
"    Estimate","18,744","567,576","527,854","195,107","882,018","629,118","304,396","893,675","1,499,879","2,655,371","798,279","466,874","389,557"
"Niles, MI Metro Area","","","","","","","","","","","","",""
"    Estimate","1,160","3,858","14,417","883","6,547","3,265","1,095","3,426","5,658","16,298","8,728","3,201","1,785"
"North Port-Bradenton-Sarasota, FL Metro Area","","","","","","","","","","","","",""
"    Estimate","3,150","36,823","20,749","7,843","50,000","20,685","4,867","32,589","58,824","81,073","44,821","21,625","10,807"
"Norwich-New London-Willimantic, CT Metro Area","","","","","","","","","","","","",""
"    Estimate","1,073","8,782","19,571","1,567","14,832","7,133","2,528","4,454","11,640","37,485","15,884","4,729","7,203"
"Ocala, FL Metro Area","","","","","","","","","","","","",""
"    Estimate","2,435","12,735","12,486","3,166","23,224","11,448","2,660","11,768","18,458","34,288","15,554","8,096","8,009"
"Odessa, TX Metro Area","","","","","","","","","","","","",""
"    Estimate","9,119","9,082","5,574","1,974","10,784","7,524","355","3,611","5,664","15,626","5,259","2,678","2,622"
"Ogden, UT Metro Area","","","","","","","","","","","","",""
"    Estimate","2,621","29,218","40,109","5,511","36,764","19,155","3,811","23,023","37,515","72,971","22,665","15,795","29,708"
"Oklahoma City, OK Metro Area","","","","","","","","","","","","",""
"    Estimate","20,000","50,500","46,465","14,825","87,202","40,884","9,139","48,930","79,292","165,083","64,101","39,789","47,403"
"Olympia-Lacey-Tumwater, WA Metro Area","","","","","","","","","","","","",""
"    Estimate","2,107","8,560","7,144","2,105","15,884","6,960","1,733","6,971","12,718","35,374","10,389","6,497","24,102"
"Omaha, NE-IA Metro Area","","","","","","","","","","","","",""
"    Estimate","6,702","37,397","44,774","12,607","56,476","32,482","9,174","53,292","62,173","124,852","41,706","22,188","18,465"
"Orlando-Kissimmee-Sanford, FL Metro Area","","","","","","","","","","","","",""
"    Estimate","5,780","104,435","76,547","26,426","166,425","100,895","25,495","100,074","220,681","278,472","227,317","64,247","40,549"
"Oshkosh-Neenah, WI Metro Area","","","","","","","","","","","","",""
"    Estimate","611","4,528","23,213","2,019","9,092","5,474","848","4,198","7,274","21,284","5,061","4,381","3,281"
"Owensboro, KY Metro Area","","","","","","","","","","","","",""
"    Estimate","881","3,163","9,859","1,116","7,821","2,622","315","3,561","2,408","13,185","7,090","2,168","1,485"
"Oxnard-Thousand Oaks-Ventura, CA Metro Area","","","","","","","","","","","","",""
"    Estimate","18,449","26,769","41,699","8,105","43,869","17,649","11,336","22,697","53,359","87,344","37,452","17,333","21,815"
"Paducah, KY-IL Metro Area","","","","","","","","","","","","",""
"    Estimate","903","3,117","4,223","686","6,745","3,609","933","3,430","4,207","11,334","5,481","2,054","1,797"
"Palm Bay-Melbourne-Titusville, FL Metro Area","","","","","","","","","","","","",""
"    Estimate","983","24,009","38,304","3,701","34,487","14,997","4,251","16,371","42,405","58,157","27,999","14,148","13,465"
"Panama City-Panama City Beach, FL Metro Area","","","","","","","","","","","","",""
"    Estimate","269","9,448","6,587","1,576","11,097","3,450","1,354","10,491","13,398","16,933","14,341","6,294","10,087"
"Parkersburg-Vienna, WV Metro Area","","","","","","","","","","","","",""
"    Estimate","329","2,427","4,072","413","4,144","2,988","350","2,054","2,315","10,716","3,540","1,861","3,547"
"Pensacola-Ferry Pass-Brent, FL Metro Area","","","","","","","","","","","","",""
"    Estimate","1,827","17,691","8,998","4,730","28,709","13,602","1,723","21,159","26,829","60,120","23,927","12,715","15,240"
"Peoria, IL Metro Area","","","","","","","","","","","","",""
"    Estimate","2,975","10,566","25,825","3,596","18,005","7,525","2,077","9,850","15,126","48,891","13,689","8,400","5,480"
"Philadelphia-Camden-Wilmington, PA-NJ-DE-MD Metro Area","","","","","","","","","","","","",""
"    Estimate","15,285","180,258","283,350","63,962","326,333","183,526","57,008","256,706","436,286","865,668","240,171","137,217","141,360"
"Phoenix-Mesa-Chandler, AZ Metro Area","","","","","","","","","","","","",""
"    Estimate","14,638","204,650","203,791","51,050","289,159","147,663","47,501","258,090","332,108","529,787","221,863","116,765","102,515"
"Pinehurst-Southern Pines, NC Metro Area","","","","","","","","","","","","",""
"    Estimate","601","2,933","4,113","581","4,226","1,640","617","2,556","4,150","11,244","4,390","2,339","2,388"
"Pittsburgh, PA Metro Area","","","","","","","","","","","","",""
"    Estimate","11,567","82,284","127,482","25,098","134,399","77,142","20,081","85,726","150,173","320,413","101,094","54,398","33,828"
"Pittsfield, MA Metro Area","","","","","","","","","","","","",""
"    Estimate","314","4,576","5,889","773","7,269","2,538","1,065","3,396","6,615","18,819","6,895","3,218","2,251"
"Pocatello, ID Metro Area","","","","","","","","","","","","",""
"    Estimate","1,310","2,293","2,526","377","3,689","2,509","259","2,664","3,739","13,770","5,243","1,620","2,384"
"Ponce, PR Metro Area","","","","","","","","","","","","",""
"    Estimate","1,655","6,400","8,687","802","13,262","2,814","1,136","3,896","7,662","22,464","9,893","5,119","5,128"
"Portland-South Portland, ME Metro Area","","","","","","","","","","","","",""
"    Estimate","4,691","18,749","29,709","4,788","37,317","12,343","5,971","23,871","43,103","81,964","26,176","13,516","10,763"
"Portland-Vancouver-Hillsboro, OR-WA Metro Area","","","","","","","","","","","","",""
"    Estimate","17,788","89,881","165,723","32,824","152,945","72,154","25,195","72,649","184,944","302,076","110,349","59,745","49,733"
"Port St. Lucie, FL Metro Area","","","","","","","","","","","","",""
"    Estimate","1,582","21,925","14,394","4,099","29,433","15,052","2,886","14,593","32,164","51,341","24,819","13,859","8,354"
"Prescott Valley-Prescott, AZ Metro Area","","","","","","","","","","","","",""
"    Estimate","1,847","7,922","5,912","1,534","11,878","4,481","1,665","6,794","10,599","25,545","11,391","4,541","5,048"
"Providence-Warwick, RI-MA Metro Area","","","","","","","","","","","","",""
"    Estimate","5,695","60,979","93,345","16,010","104,052","38,696","10,069","54,540","98,888","224,491","75,085","38,387","38,218"
"Provo-Orem-Lehi, UT Metro Area","","","","","","","","","","","","",""
"    Estimate","2,822","29,621","30,812","8,269","40,007","9,849","8,725","24,569","58,931","98,979","27,098","18,129","10,051"
"Pueblo, CO Metro Area","","","","","","","","","","","","",""
"    Estimate","1,178","6,584","4,819","2,013","7,212","4,822","486","3,649","6,730","22,150","7,395","3,009","5,807"
"Punta Gorda, FL Metro Area","","","","","","","","","","","","",""
"    Estimate","1,042","8,144","3,782","2,015","9,484","3,410","742","5,830","9,594","13,598","9,899","4,649","4,746"
"Racine-Mount Pleasant, WI Metro Area","","","","","","","","","","","","",""
"    Estimate","974","6,775","23,845","2,255","10,688","6,801","460","4,245","7,515","21,954","6,846","3,118","2,284"
"Raleigh-Cary, NC Metro Area","","","","","","","","","","","","",""
"    Estimate","6,593","56,468","79,989","15,537","77,920","31,751","16,203","65,947","167,823","156,989","57,096","34,761","37,530"
"Rapid City, SD Metro Area","","","","","","","","","","","","",""
"    Estimate","3,222","6,739","3,520","1,282","9,759","2,944","1,054","4,114","7,206","22,249","6,083","3,794","5,589"
"Reading, PA Metro Area","","","","","","","","","","","","",""
"    Estimate","4,535","14,611","34,808","5,648","24,462","14,222","1,727","8,870","20,561","54,185","14,303","10,117","5,086"
"Redding, CA Metro Area","","","","","","","","","","","","",""
"    Estimate","1,939","5,972","4,278","2,252","11,686","4,652","1,112","5,209","5,816","18,144","8,595","3,728","4,135"
"Reno, NV Metro Area","","","","","","","","","","","","",""
"    Estimate","2,884","22,618","30,837","7,450","31,015","20,273","3,312","15,340","36,540","53,338","38,429","11,975","12,429"
"Richmond, VA Metro Area","","","","","","","","","","","","",""
"    Estimate","2,232","41,164","49,535","12,775","75,658","44,083","9,507","64,144","95,321","159,851","49,910","37,202","51,945"
"Riverside-San Bernardino-Ontario, CA Metro Area","","","","","","","","","","","","",""
"    Estimate","25,225","181,806","160,125","54,641","251,670","216,011","28,149","93,717","233,466","482,876","213,621","113,498","106,038"
"Roanoke, VA Metro Area","","","","","","","","","","","","",""
"    Estimate","1,698","9,622","14,620","4,652","15,982","8,461","1,405","10,160","16,126","40,467","11,287","5,583","7,330"
"Rochester, MN Metro Area","","","","","","","","","","","","",""
"    Estimate","2,665","7,466","11,906","2,352","10,159","2,606","1,034","3,792","7,236","54,828","7,501","4,880","4,641"
"Rochester, NY Metro Area","","","","","","","","","","","","",""
"    Estimate","6,250","26,562","60,462","10,233","55,748","21,583","8,916","27,336","61,116","159,123","40,836","21,721","19,958"
"Rockford, IL Metro Area","","","","","","","","","","","","",""
"    Estimate","1,547","9,240","32,545","3,133","20,472","12,043","1,425","6,252","12,832","33,469","13,891","7,881","3,643"
"Rocky Mount, NC Metro Area","","","","","","","","","","","","",""
"    Estimate","1,852","5,820","12,367","2,131","7,840","2,860","542","2,507","4,368","13,511","5,623","2,313","4,359"
"Rome, GA Metro Area","","","","","","","","","","","","",""
"    Estimate","424","2,467","7,755","841","4,810","2,898","461","1,442","5,340","12,339","4,230","1,925","1,354"
"Sacramento-Roseville-Folsom, CA Metro Area","","","","","","","","","","","","",""
"    Estimate","12,944","82,013","59,596","21,412","117,258","76,064","16,678","68,952","149,253","286,104","102,422","52,133","116,527"
"Saginaw, MI Metro Area","","","","","","","","","","","","",""
"    Estimate","1,359","5,853","13,121","1,412","10,480","5,507","575","4,048","6,659","21,130","7,408","2,500","4,194"
"St. Cloud, MN Metro Area","","","","","","","","","","","","",""
"    Estimate","3,119","7,999","14,715","3,079","10,407","6,786","679","5,459","8,291","28,958","7,783","5,464","2,697"
"St. George, UT Metro Area","","","","","","","","","","","","",""
"    Estimate","361","8,237","7,756","2,372","10,200","5,156","1,202","4,554","12,463","21,538","9,650","4,393","3,432"
"St. Joseph, MO-KS Metro Area","","","","","","","","","","","","",""
"    Estimate","1,151","3,258","12,295","755","6,930","3,075","456","2,722","3,370","11,808","3,849","2,899","2,405"
"St. Louis, MO-IL Metro Area","","","","","","","","","","","","",""
"    Estimate","14,256","87,509","149,622","29,765","153,032","79,472","26,386","116,473","182,476","359,822","120,131","71,950","51,979"
"Salem, OR Metro Area","","","","","","","","","","","","",""
"    Estimate","12,309","17,235","19,071","2,960","23,926","9,369","2,638","8,412","20,249","45,889","16,950","8,870","19,352"
"Salinas, CA Metro Area","","","","","","","","","","","","",""
"    Estimate","26,744","11,948","9,131","3,680","18,388","7,588","1,583","6,995","17,895","42,892","20,875","8,772","10,335"
"Salisbury, MD Metro Area","","","","","","","","","","","","",""
"    Estimate","1,163","5,077","5,601","1,183","7,096","3,206","901","3,248","5,767","15,089","5,900","2,633","4,041"
"Salt Lake City-Murray, UT Metro Area","","","","","","","","","","","","",""
"    Estimate","5,730","51,837","70,439","13,884","79,075","40,669","11,451","54,240","95,709","155,720","59,749","29,729","23,807"
"San Angelo, TX Metro Area","","","","","","","","","","","","",""
"    Estimate","1,981","5,306","4,083","1,018","5,457","2,267","978","2,751","4,634","14,849","4,781","3,260","4,660"
"San Antonio-New Braunfels, TX Metro Area","","","","","","","","","","","","",""
"    Estimate","13,636","109,719","87,176","23,046","151,664","72,246","21,181","102,848","160,161","306,339","126,542","58,977","61,599"
"San Diego-Chula Vista-Carlsbad, CA Metro Area","","","","","","","","","","","","",""
"    Estimate","14,928","100,967","162,511","26,588","152,668","74,085","30,099","94,519","265,356","376,792","163,108","75,845","81,979"
"Sandusky, OH Metro Area","","","","","","","","","","","","",""
"    Estimate","817","2,689","11,513","604","5,898","2,330","305","2,042","4,108","13,655","5,980","2,924","2,476"
"San Francisco-Oakland-Fremont, CA Metro Area","","","","","","","","","","","","",""
"    Estimate","11,909","137,410","194,357","36,790","207,103","126,098","96,502","155,863","538,194","514,446","192,759","106,696","89,703"
"San Jose-Sunnyvale-Santa Clara, CA Metro Area","","","","","","","","","","","","",""
"    Estimate","6,782","51,626","173,562","12,210","79,902","36,790","65,368","41,423","234,641","202,502","75,268","39,094","27,480"
"San Juan-Bayamón-Caguas, PR Metro Area","","","","","","","","","","","","",""
"    Estimate","7,631","53,037","59,339","22,104","93,738","34,684","13,776","59,477","99,647","161,382","81,437","57,060","56,943"
"San Luis Obispo-Paso Robles, CA Metro Area","","","","","","","","","","","","",""
"    Estimate","3,277","8,898","10,221","1,529","15,962","4,282","2,369","4,905","16,335","30,717","19,803","7,969","8,130"
"Santa Cruz-Watsonville, CA Metro Area","","","","","","","","","","","","",""
"    Estimate","6,815","8,121","8,332","3,271","11,616","4,101","2,701","5,356","18,844","34,439","14,160","6,597","5,837"
"Santa Fe, NM Metro Area","","","","","","","","","","","","",""
"    Estimate","963","6,224","1,895","643","6,732","2,199","2,075","3,707","12,230","16,130","11,059","4,114","5,610"
"Santa Maria-Santa Barbara, CA Metro Area","","","","","","","","","","","","",""
"    Estimate","20,944","13,989","13,627","2,719","15,913","8,242","4,552","8,887","25,802","48,010","24,906","7,533","8,605"
"Santa Rosa-Petaluma, CA Metro Area","","","","","","","","","","","","",""
"    Estimate","7,235","22,011","24,057","6,667","27,465","9,752","4,973","11,422","35,373","55,692","23,523","12,638","10,988"
"Savannah, GA Metro Area","","","","","","","","","","","","",""
"    Estimate","1,154","13,151","22,333","3,394","24,951","20,190","2,798","11,141","24,881","41,162","22,669","8,966","10,451"
"Scranton--Wilkes-Barre, PA Metro Area","","","","","","","","","","","","",""
"    Estimate","2,749","15,640","28,004","7,211","33,526","23,537","3,515","14,381","22,991","63,965","20,752","13,799","12,760"
"Seattle-Tacoma-Bellevue, WA Metro Area","","","","","","","","","","","","",""
"    Estimate","11,589","134,719","191,711","43,590","235,363","125,571","78,416","126,227","402,430","453,412","180,641","96,276","83,161"
"Sebastian-Vero Beach-West Vero Corridor, FL Metro Area","","","","","","","","","","","","",""
"    Estimate","692","6,135","5,141","933","8,327","2,984","1,896","6,609","8,325","13,679","7,613","3,733","2,181"
"Sebring, FL Metro Area","","","","","","","","","","","","",""
"    Estimate","1,507","4,557","1,501","1,061","5,320","1,444","423","2,149","3,391","7,755","3,825","1,772","2,102"
"Sheboygan, WI Metro Area","","","","","","","","","","","","",""
"    Estimate","994","3,223","19,497","1,789","5,111","2,756","299","3,559","5,317","11,267","4,795","1,657","1,376"
"Sherman-Denison, TX Metro Area","","","","","","","","","","","","",""
"    Estimate","790","7,477","8,683","1,685","6,510","3,256","241","3,880","7,475","13,747","6,928","4,350","2,537"
"Shreveport-Bossier City, LA Metro Area","","","","","","","","","","","","",""
"    Estimate","5,452","12,730","9,466","3,426","17,899","11,892","3,711","8,919","13,471","43,217","14,335","11,797","9,212"
"Sierra Vista-Douglas, AZ Metro Area","","","","","","","","","","","","",""
"    Estimate","1,389","2,806","1,179","190","5,081","2,067","360","1,880","4,293","10,752","3,785","2,882","4,832"
"Sioux City, IA-NE-SD Metro Area","","","","","","","","","","","","",""
"    Estimate","2,086","5,635","13,577","2,576","6,980","4,018","1,433","3,757","4,637","15,125","6,556","3,018","1,436"
"Sioux Falls, SD-MN Metro Area","","","","","","","","","","","","",""
"    Estimate","5,231","12,231","18,218","4,356","17,550","6,589","2,970","16,227","15,578","45,923","11,756","8,081","5,830"
"Slidell-Mandeville-Covington, LA Metro Area","","","","","","","","","","","","",""
"    Estimate","2,576","9,773","7,770","3,462","15,335","8,827","1,459","8,555","15,394","37,465","8,034","7,154","5,485"
"South Bend-Mishawaka, IN-MI Metro Area","","","","","","","","","","","","",""
"    Estimate","1,556","8,991","29,530","3,160","14,685","8,696","1,824","7,643","13,271","44,298","10,810","7,350","3,801"
"Spartanburg, SC Metro Area","","","","","","","","","","","","",""
"    Estimate","608","13,521","39,675","3,784","18,749","9,016","2,790","6,939","16,191","37,517","16,239","9,835","4,153"
"Spokane-Spokane Valley, WA Metro Area","","","","","","","","","","","","",""
"    Estimate","3,623","17,676","24,991","6,377","39,207","17,727","3,605","18,511","29,657","70,279","22,678","14,487","13,588"
"Springfield, IL Metro Area","","","","","","","","","","","","",""
"    Estimate","1,382","4,860","4,674","1,357","9,740","4,646","1,054","5,988","11,271","24,766","7,450","5,868","14,709"
"Springfield, MA Metro Area","","","","","","","","","","","","",""
"    Estimate","782","10,956","25,565","3,781","26,257","14,158","2,222","13,617","18,758","66,217","14,637","10,797","10,717"
"Springfield, MO Metro Area","","","","","","","","","","","","",""
"    Estimate","2,731","14,989","23,969","6,026","32,361","16,240","3,616","14,677","25,231","62,891","19,570","11,563","8,210"
"Springfield, OH Metro Area","","","","","","","","","","","","",""
"    Estimate","890","4,955","10,567","2,011","6,404","2,869","375","2,737","5,779","12,317","5,341","1,893","2,542"
"State College, PA Metro Area","","","","","","","","","","","","",""
"    Estimate","1,210","3,477","4,110","1,056","7,107","3,340","1,115","2,823","5,899","30,757","9,086","2,106","2,060"
"Staunton-Stuarts Draft, VA Metro Area","","","","","","","","","","","","",""
"    Estimate","1,583","2,718","8,155","1,220","7,768","4,949","1,049","2,234","7,318","13,648","3,486","3,282","3,306"
"Stockton-Lodi, CA Metro Area","","","","","","","","","","","","",""
"    Estimate","13,756","27,031","43,021","7,983","41,439","34,573","5,789","15,388","41,947","73,602","27,793","16,072","20,759"
"Sumter, SC Metro Area","","","","","","","","","","","","",""
"    Estimate","236","3,284","4,947","440","5,728","1,260","80","1,348","3,207","9,799","4,074","2,359","3,266"
"Syracuse, NY Metro Area","","","","","","","","","","","","",""
"    Estimate","3,489","17,750","30,040","6,025","33,388","19,442","5,328","18,260","33,619","101,932","25,340","12,608","12,569"
"Tallahassee, FL Metro Area","","","","","","","","","","","","",""
"    Estimate","1,995","9,457","5,746","3,629","21,127","5,604","2,611","10,650","23,880","47,244","21,295","10,969","29,523"
"Tampa-St. Petersburg-Clearwater, FL Metro Area","","","","","","","","","","","","",""
"    Estimate","13,082","117,492","96,617","35,703","188,551","87,594","25,229","164,391","260,681","340,820","150,256","87,766","63,898"
"Terre Haute, IN Metro Area","","","","","","","","","","","","",""
"    Estimate","1,516","4,908","12,031","1,633","8,366","3,897","955","2,990","3,692","19,424","6,680","2,971","4,258"
"Texarkana, TX-AR Metro Area","","","","","","","","","","","","",""
"    Estimate","597","4,924","5,966","1,829","6,559","4,122","400","2,627","4,489","15,673","5,492","3,074","4,975"
"Toledo, OH Metro Area","","","","","","","","","","","","",""
"    Estimate","1,531","16,921","43,753","6,107","33,648","19,351","3,585","12,556","32,568","74,441","24,932","13,263","8,824"
"Topeka, KS Metro Area","","","","","","","","","","","","",""
"    Estimate","2,052","7,178","11,686","1,725","11,945","6,900","2,155","7,710","8,816","29,610","7,328","4,345","9,441"
"Traverse City, MI Metro Area","","","","","","","","","","","","",""
"    Estimate","1,214","5,861","8,360","1,842","6,667","2,777","1,214","4,596","10,508","18,933","8,802","3,524","2,393"
"Trenton-Princeton, NJ Metro Area","","","","","","","","","","","","",""
"    Estimate","1,655","12,602","18,001","5,330","17,501","10,776","5,729","15,791","27,482","44,065","12,050","8,851","9,324"
"Tucson, AZ Metro Area","","","","","","","","","","","","",""
"    Estimate","5,130","32,246","38,158","5,604","56,307","27,784","7,015","23,925","62,693","127,392","52,764","24,412","28,372"
"Tulsa, OK Metro Area","","","","","","","","","","","","",""
"    Estimate","8,443","34,794","54,945","11,097","58,772","35,434","7,956","28,716","53,410","111,524","41,551","26,749","20,033"
"Tuscaloosa, AL Metro Area","","","","","","","","","","","","",""
"    Estimate","1,292","7,015","21,461","1,922","11,087","5,854","619","6,042","9,049","38,667","9,902","3,522","7,472"
"Twin Falls, ID Metro Area","","","","","","","","","","","","",""
"    Estimate","4,620","4,277","6,018","1,140","7,148","4,262","902","2,630","4,362","12,542","5,136","2,413","3,267"
"Tyler, TX Metro Area","","","","","","","","","","","","",""
"    Estimate","3,649","5,959","8,776","2,178","13,698","8,295","1,455","7,999","10,473","29,258","10,421","5,353","3,633"
"Urban Honolulu, HI Metro Area","","","","","","","","","","","","",""
"    Estimate","2,670","31,815","14,001","10,783","50,753","32,445","7,025","29,303","50,444","110,497","58,443","22,976","40,156"
"Utica-Rome, NY Metro Area","","","","","","","","","","","","",""
"    Estimate","1,157","7,089","13,222","1,623","16,254","6,896","1,926","10,193","12,490","32,722","10,769","6,845","10,269"
"Valdosta, GA Metro Area","","","","","","","","","","","","",""
"    Estimate","1,286","4,371","7,116","1,978","8,632","3,376","217","3,869","5,377","15,951","6,243","3,100","3,329"
"Vallejo, CA Metro Area","","","","","","","","","","","","",""
"    Estimate","1,679","22,164","19,649","3,572","24,700","13,096","3,483","9,842","20,902","46,595","19,900","10,595","14,240"
"Victoria, TX Metro Area","","","","","","","","","","","","",""
"    Estimate","2,093","3,436","6,629","707","4,073","2,774","230","2,650","3,229","10,566","3,445","3,076","1,219"
"Vineland, NJ Metro Area","","","","","","","","","","","","",""
"    Estimate","1,449","4,984","9,110","2,055","8,036","4,429","578","2,515","6,733","16,969","4,697","2,029","4,010"
"Virginia Beach-Chesapeake-Norfolk, VA-NC Metro Area","","","","","","","","","","","","",""
"    Estimate","3,323","54,836","74,963","12,378","88,531","48,894","11,935","53,007","103,867","193,070","82,563","42,152","65,324"
"Visalia, CA Metro Area","","","","","","","","","","","","",""
"    Estimate","27,540","11,864","14,928","4,058","23,848","14,578","2,086","6,085","12,659","48,713","12,994","9,234","9,829"
"Waco, TX Metro Area","","","","","","","","","","","","",""
"    Estimate","2,161","13,411","16,858","3,335","16,476","7,023","1,724","7,699","12,403","34,699","13,225","6,932","6,938"
"Walla Walla, WA Metro Area","","","","","","","","","","","","",""
"    Estimate","2,501","2,317","2,068","104","2,420","1,123","718","918","1,246","8,429","3,043","508","2,260"
"Warner Robins, GA Metro Area","","","","","","","","","","","","",""
"    Estimate","962","6,192","7,111","1,692","9,983","6,470","713","4,798","11,859","19,155","7,592","3,731","11,925"
"Washington-Arlington-Alexandria, DC-VA-MD-WV Metro Area","","","","","","","","","","","","",""
"    Estimate","9,167","220,004","111,954","32,421","246,676","148,480","78,181","214,358","765,354","663,901","268,675","210,583","433,070"
"Waterbury-Shelton, CT Metro Area","","","","","","","","","","","","",""
"    Estimate","1,296","13,320","29,413","5,069","23,648","12,137","3,774","14,019","25,157","67,195","15,952","11,825","9,863"
"Waterloo-Cedar Falls, IA Metro Area","","","","","","","","","","","","",""
"    Estimate","1,804","5,137","13,395","1,669","11,466","3,911","1,130","4,744","6,099","22,169","7,793","3,623","2,459"
"Watertown-Fort Drum, NY Metro Area","","","","","","","","","","","","",""
"    Estimate","918","3,228","4,274","829","5,970","2,085","789","2,369","3,702","13,045","4,602","1,477","3,259"
"Wausau, WI Metro Area","","","","","","","","","","","","",""
"    Estimate","1,923","4,767","14,049","1,627","7,213","3,535","468","5,195","5,303","16,221","5,656","3,750","1,696"
"Weirton-Steubenville, WV-OH Metro Area","","","","","","","","","","","","",""
"    Estimate","1,448","3,359","5,348","960","6,398","3,517","592","2,555","5,453","11,405","4,407","3,084","2,043"
"Wenatchee-East Wenatchee, WA Metro Area","","","","","","","","","","","","",""
"    Estimate","6,361","5,346","2,880","1,216","8,164","2,025","1,087","1,252","5,143","12,692","6,160","2,566","2,811"
"Wheeling, WV-OH Metro Area","","","","","","","","","","","","",""
"    Estimate","2,738","5,128","5,791","1,129","8,646","3,349","737","2,608","4,276","15,820","6,414","3,035","2,878"
"Wichita, KS Metro Area","","","","","","","","","","","","",""
"    Estimate","4,900","21,407","52,051","6,496","34,369","18,412","4,778","19,711","30,664","76,708","25,679","13,479","11,848"
"Wichita Falls, TX Metro Area","","","","","","","","","","","","",""
"    Estimate","2,239","4,575","6,252","1,601","9,612","4,897","717","2,720","5,265","16,759","6,435","3,006","4,278"
"Wildwood-The Villages, FL Metro Area","","","","","","","","","","","","",""
"    Estimate","573","4,336","1,557","1,156","4,054","1,895","52","2,672","5,023","6,625","4,362","823","1,061"
"Williamsport, PA Metro Area","","","","","","","","","","","","",""
"    Estimate","1,268","4,184","5,932","783","7,042","3,583","414","3,033","4,073","15,808","3,758","1,780","2,237"
"Wilmington, NC Metro Area","","","","","","","","","","","","",""
"    Estimate","1,487","21,714","16,646","4,928","23,076","10,977","5,467","14,918","34,015","48,661","25,276","12,645","6,153"
"Winchester, VA-WV Metro Area","","","","","","","","","","","","",""
"    Estimate","1,139","5,125","7,220","1,137","6,998","3,681","992","4,025","10,018","17,314","5,670","3,711","5,275"
"Winston-Salem, NC Metro Area","","","","","","","","","","","","",""
"    Estimate","2,440","22,529","47,586","5,828","38,767","21,809","4,239","21,516","28,441","85,714","22,928","20,713","9,515"
"Worcester, MA Metro Area","","","","","","","","","","","","",""
"    Estimate","3,361","36,464","50,375","8,201","49,800","19,207","4,511","26,033","58,725","123,331","32,807","21,419","17,922"
"Yakima, WA Metro Area","","","","","","","","","","","","",""
"    Estimate","17,455","8,377","10,585","2,860","14,339","7,448","981","3,171","7,051","24,529","8,784","3,392","5,455"
"York-Hanover, PA Metro Area","","","","","","","","","","","","",""
"    Estimate","3,529","15,692","39,354","4,853","27,397","17,543","4,103","11,752","23,045","51,006","15,834","14,487","11,976"
"Youngstown-Warren, OH Metro Area","","","","","","","","","","","","",""
"    Estimate","1,697","11,211","26,735","3,958","24,695","12,194","3,692","8,570","14,576","48,273","19,831","7,839","6,557"
"Yuba City, CA Metro Area","","","","","","","","","","","","",""
"    Estimate","3,705","4,429","6,124","2,215","9,304","5,612","423","3,130","7,683","18,089","5,150","5,173","4,904"
"Yuma, AZ Metro Area","","","","","","","","","","","","",""
"    Estimate","6,477","7,764","3,671","983","7,033","5,086","919","3,223","7,175","14,890","7,203","2,835","7,536"